"Country","Education","Supernatural.Beliefs","Religious.Formation","Belief.In.God","Religious.Practice","Year"
"philippines",4,0.400469125523103,0.848596128969855,0.965007691894057,0.257869506104089,"2008"
"philippines",8,0.154770414552822,0.895734056933305,0.0469200688764237,0.385702805609444,"2008"
"philippines",6,0.0297205337013826,0.922919124340658,0.0664768841873706,0.606230551229639,"2008"
"philippines",4,0.743211039425678,0.887483969346538,0.251951875220217,0.65522786669692,"2008"
"philippines",4,0.349266217719705,0.959115089499298,0.0478584981542105,0.538830066429826,"2008"
"philippines",7,0.142766070936024,0.95408492934834,0.0529430234270192,0.765494403220424,"2008"
"philippines",6,0.115838547126688,0.907761795429089,0.151071543914232,0.871857410897098,"2008"
"philippines",7,0.157415998053971,0.860012296797652,0.0521782145202669,0.797766105793162,"2008"
"philippines",6,0.324428776000808,0.688970511980028,0.193926538762717,0.792833778052222,"2008"
"philippines",6,0.330032413282627,0.907283580970863,0.0561037363881373,0.65594289134437,"2008"
"philippines",7,0.647342332849321,0.873839679151825,0.279022200960566,0.499045401078189,"2008"
"philippines",8,0.372624059429624,0.895514785231384,0.0613966938480609,0.730563485861356,"2008"
"philippines",6,0.560645350260283,0.851811248216214,0.277385201290348,0.781786197688449,"2008"
"philippines",5,0.0475521757579867,0.939495176570635,0.0948601389876933,0.536837383444653,"2008"
"philippines",8,0.151249374358907,0.901462375230804,0.269268819128858,0.536601511156503,"2008"
"philippines",4,0.366179564504707,0.904923953374482,0.737571210223023,0.561581625936823,"2008"
"philippines",8,0.325942133458547,0.92804036553646,0.0903826925544389,0.685091648242083,"2008"
"philippines",8,0.075756349746237,0.933551873090042,0.274779833586019,0.676812538835339,"2008"
"philippines",7,0.358735799734899,0.904560329198028,0.274201833175956,0.595169210920684,"2008"
"philippines",7,0.114690733585591,0.915346280632296,0.0599886960443503,0.898522076186184,"2008"
"philippines",7,0.0659706017291333,0.906534916185328,0.888351196006923,0.414732115679875,"2008"
"philippines",8,0.328594934263758,0.909481555887749,0.279728682438206,0.663094044670053,"2008"
"philippines",7,0.319153333818125,0.92130991094177,0.0286348809686523,0.477447279198324,"2008"
"philippines",6,0.148323449609869,0.901408184771986,0.26853130587361,0.646914165029485,"2008"
"philippines",5,0.110730320884137,0.916971569187218,0.286512093746558,0.757076284924036,"2008"
"philippines",6,0.0906732317137955,0.915776603505203,0.372739274018753,0.362175363872341,"2008"
"philippines",8,0.0329560181154508,0.916860189455187,0.291692931668791,0.741136493533868,"2008"
"philippines",4,0.128183492146937,0.925637486234301,0.22440480694173,0.602796393287322,"2008"
"philippines",5,0.291239080205417,0.93819524930581,0.188017586468176,0.735733722141354,"2008"
"philippines",4,0.532332622422451,0.697827069788786,0.9704955554364,0.290794915099724,"2008"
"philippines",7,0.15102629788341,0.748816816958795,0.419409597877345,0.653596940372846,"2008"
"philippines",7,0.316907907391405,0.848685491714172,0.963951208420159,0.449972204234714,"2008"
"philippines",6,0.47213868097594,0.793414525726004,0.742088501333382,0.703666351179174,"2008"
"philippines",6,0.455957962847915,0.887366875063576,0.0949510191840282,0.717654144762955,"2008"
"philippines",8,0.275100073777742,0.898853072777699,0.289820288032418,0.760094651631915,"2008"
"philippines",7,0.892952824985131,0.89761622154725,0.0759108115085216,0.510233785380706,"2008"
"philippines",6,0.131311636193352,0.910322601079335,0.288944103344029,0.793598006800579,"2008"
"philippines",7,0.0649175616978752,0.93320631278151,0.73757308697922,0.463415957131833,"2008"
"philippines",6,0.323429384470747,0.940103652050186,0.266932535136696,0.390296411751533,"2008"
"philippines",7,0.0745487534686572,0.921431655994273,0.475801177512884,0.490226297752426,"2008"
"philippines",3,0.0251073321459665,0.910560158987958,0.634803704024516,0.904703786533832,"2008"
"philippines",6,0.158528886500376,0.93045780493926,0.746110992254586,0.776180145750158,"2008"
"philippines",5,0.0642112909325382,0.934097067293582,0.200420084141217,0.650435016554087,"2008"
"philippines",4,0.247673882888224,0.83455754437597,0.731831458831828,0.626972516320779,"2008"
"philippines",3,0.28869002924169,0.930524786786253,0.282787969083959,0.634162955028644,"2008"
"philippines",6,0.22989391574544,0.883449762612242,0.50248346558707,0.4841819946215,"2008"
"philippines",6,0.189759868704519,0.893341954758891,0.733757699306135,0.613514563522574,"2008"
"philippines",6,0.397684277880692,0.868131969473418,0.505584170879138,0.767257152925837,"2008"
"philippines",8,0.174480287180465,0.912248414690938,0.745927974266509,0.778744704435659,"2008"
"philippines",8,0.0393966196264155,0.920086433610627,0.320844875864812,0.6501029849706,"2008"
"philippines",7,0.126187905780473,0.906045537025913,0.0608474285504976,0.88000604318232,"2008"
"philippines",5,0.0570494757558249,0.929482676270842,0.0604598649973952,0.784015920955588,"2008"
"philippines",8,0.0312528298850565,0.924519502124557,0.0720450484240952,0.882909778726055,"2008"
"philippines",3,0.282356299987814,0.854922423548241,0.4165205967176,0.493028986586897,"2008"
"philippines",7,0.153064166413684,0.920746745019771,0.0370489506426226,0.409204787002129,"2008"
"philippines",6,0.410679212992053,0.909422896055059,0.961413125267752,0.387760117904137,"2008"
"philippines",4,0.191865128393245,0.895790869408665,0.533811623234896,0.59620209661503,"2008"
"philippines",6,0.342743746800405,0.886462009280413,0.757830647971726,0.658473237674481,"2008"
"philippines",7,0.234106297548476,0.889011123128078,0.0483663978777048,0.580407982906617,"2008"
"philippines",7,0.123148529549493,0.905772541351044,0.516206398812763,0.712271129790433,"2008"
"philippines",8,0.483997737567007,0.887964784069057,0.796515222570859,0.540192931555092,"2008"
"philippines",8,0.505769539893377,0.880622626874099,0.230001231922147,0.875188829216247,"2008"
"philippines",5,0.474889141120158,0.90952577567,0.728209223728152,0.68442226548133,"2008"
"philippines",6,0.0871102253356894,0.8660334886258,0.801248815354353,0.272546468923753,"2008"
"philippines",6,0.343101449794934,0.809800705024762,0.514695233971744,0.666488569054727,"2008"
"philippines",6,0.134230485625315,0.357796502330419,0.976127463436591,0.657681047782828,"2008"
"philippines",4,0.431327179987222,0.911678652178587,0.268373582151364,0.650318720622642,"2008"
"philippines",6,0.738319880941191,0.89077553313082,0.719479265067738,0.675758984748068,"2008"
"philippines",5,0.0821821348265848,0.91432018428725,0.551779673891711,0.792139103878594,"2008"
"philippines",7,0.438521872178019,0.906252890412052,0.731812540225092,0.637497882701444,"2008"
"philippines",6,0.440860823432688,0.904433151323019,0.510577668219047,0.834337859371319,"2008"
"philippines",6,0.144381440828235,0.928685703348237,0.0503843973707932,0.391504146497723,"2008"
"philippines",7,0.132964933955429,0.906646639996787,0.97286268134161,0.452014118200132,"2008"
"philippines",7,0.627645859793858,0.90056442185956,0.992350474957332,0.62377604531046,"2008"
"philippines",5,0.887671242403754,0.894252204908845,0.962675145880278,0.553268281171636,"2008"
"philippines",4,0.35506749659556,0.879279899210008,0.0442420248869783,0.783479417821003,"2008"
"philippines",6,0.487943516992855,0.923706208658813,0.61304682425978,0.745488958516435,"2008"
"philippines",8,0.354262770607997,0.91023044050351,0.648979943718552,0.550414016017699,"2008"
"philippines",6,0.108345400799875,0.903824893736234,0.280339775420032,0.536904142258058,"2008"
"philippines",7,0.17121762392564,0.895093096186097,0.558492033099134,0.808741648677757,"2008"
"philippines",5,0.046258681769027,0.907830205323074,0.233835737015081,0.593061357380561,"2008"
"philippines",5,0.114165682025,0.913030909999265,0.240725245099323,0.782641314716252,"2008"
"philippines",7,0.037652970908507,0.875711015705478,0.0735050017434783,0.697589244084125,"2008"
"philippines",6,0.493042808546869,0.848377868006363,0.405404745453326,0.366750343504967,"2008"
"philippines",3,0.368124015901033,0.812680232649272,0.395377887722,0.435688293597071,"2008"
"philippines",5,0.04202902284747,0.905508794835557,0.385518285286755,0.729040727520036,"2008"
"philippines",6,0.0812046563429072,0.923209429771118,0.0345464666000095,0.60488824723647,"2008"
"philippines",8,0.0199189213587762,0.933987484012481,0.816436949052901,0.712512493768132,"2008"
"philippines",6,0.8651552287893,0.809204125878854,0.985334658043045,0.842173699016166,"2008"
"philippines",5,0.446793609853323,0.894396438562589,0.98897211036856,0.705764039732248,"2008"
"philippines",7,0.198668447203345,0.933642308360102,0.0593457871877649,0.41590934978055,"2008"
"philippines",6,0.129449480527681,0.903948456700658,0.750265284898079,0.693061154179356,"2008"
"philippines",7,0.0998350152036327,0.926187237250528,0.0502039200715155,0.755737113377257,"2008"
"philippines",5,0.394158999518509,0.862315489406929,0.283663090029408,0.813740427900273,"2008"
"philippines",7,0.322515896356639,0.924111954639847,0.653439448038351,0.758663646869777,"2008"
"philippines",6,0.128997743310198,0.890126302605015,0.264489061844301,0.568278690095771,"2008"
"philippines",5,0.760641744178047,0.869290910080084,0.0375939567009824,0.596886818486532,"2008"
"philippines",6,0.895136837722847,0.858663945282173,0.952623358577716,0.533222086706956,"2008"
"philippines",5,0.407762872517959,0.890133128972989,0.467699210170426,0.727897251520469,"2008"
"philippines",6,0.389860054625433,0.902983499271761,0.278168704378085,0.613107562005611,"2008"
"philippines",7,0.0360313789384944,0.928544876184733,0.41942225180749,0.739089367248838,"2008"
"philippines",6,0.142691656252006,0.857524737550616,0.222366426979783,0.567201554757552,"2008"
"philippines",6,0.151603034420686,0.91383366312993,0.205198070736826,0.518277279621354,"2008"
"philippines",4,0.124969677308792,0.896362662601285,0.23213313614058,0.797264397792348,"2008"
"philippines",4,0.167479347300046,0.916059086080025,0.180338434445965,0.431377930640557,"2008"
"philippines",3,0.334837981877865,0.929766307058951,0.251071675745757,0.935711132236367,"2008"
"philippines",7,0.0422946191436311,0.914824167101387,0.97662059836181,0.503904420150091,"2008"
"philippines",6,0.0275619755406474,0.910309163135597,0.254944214269548,0.961424331745133,"2008"
"philippines",3,0.0312346226593379,0.925752240222409,0.112657500585068,0.707200550695857,"2008"
"philippines",6,0.0907310996341567,0.5122758248001,0.364343129811721,0.588098923718694,"2008"
"philippines",7,0.352413342909186,0.92973245074802,0.658050856770203,0.841797101779581,"2008"
"philippines",6,0.224251905081099,0.663451383496327,0.651130029547705,0.615839297694548,"2008"
"philippines",8,0.284669898405751,0.914914905908207,0.458033719182342,0.527075865370428,"2008"
"philippines",7,0.25559504963742,0.859609759304853,0.362483437503494,0.640404325704754,"2008"
"philippines",6,0.49255136207648,0.933674271356579,0.0842143837251245,0.62135371664523,"2008"
"philippines",6,0.195940967429404,0.872334407899213,0.973130709631377,0.433394667515064,"2008"
"philippines",6,0.558554210671915,0.893223723306535,0.446084212714331,0.530833736612439,"2008"
"philippines",8,0.131398513949877,0.911038684796852,0.740913282446243,0.560319783107734,"2008"
"philippines",8,0.0723212415444226,0.92741829044443,0.0519005627648405,0.679758800590008,"2008"
"philippines",8,0.683874704962569,0.927429732191241,0.0476114412137201,0.790203175354798,"2008"
"philippines",6,0.123569240587618,0.841333171181987,0.649801126260462,0.42912120049726,"2008"
"philippines",5,0.037600337941788,0.892199750847376,0.30286096631709,0.84829884927321,"2008"
"philippines",6,0.110942880623465,0.89509494036566,0.737096577952143,0.729199658638046,"2008"
"philippines",5,0.104103669396174,0.921181275259177,0.185329544225715,0.661167900851317,"2008"
"philippines",6,0.0367225192427107,0.938609233697919,0.236313949319096,0.596497531209811,"2008"
"philippines",6,0.100078991588086,0.920583354092004,0.142679890160783,0.542634102299563,"2008"
"philippines",5,0.108022156164949,0.92262099532171,0.221447870693176,0.562906910947084,"2008"
"philippines",8,0.10082713118975,0.906982040605455,0.23006918861981,0.479632721581129,"2008"
"philippines",6,0.156611286227977,0.918369352845628,0.50159289220984,0.624155658210476,"2008"
"philippines",6,0.325612780461526,0.915017301227425,0.726313206456798,0.523097568318464,"2008"
"philippines",6,0.29613168861653,0.918708008067652,0.674456578785667,0.583790254241791,"2008"
"philippines",8,0.115707862654674,0.859729230384712,0.972209530713553,0.350024017950257,"2008"
"philippines",5,0.134541693278839,0.886412824679995,0.0647105664457535,0.63471950652728,"2008"
"philippines",5,0.0492657978364861,0.963110185164447,0.0419393047835684,0.607164342316619,"2008"
"philippines",3,0.0237555270022823,0.922568260796653,0.0653909075166562,0.916952946750388,"2008"
"philippines",6,0.180489318599342,0.921273152155626,0.297227762438992,0.774980103337817,"2008"
"philippines",7,0.412295518802078,0.899013500056115,0.748962579150426,0.513521212248505,"2008"
"philippines",4,0.471653715802728,0.526711422942061,0.495091457840665,0.56775175640477,"2008"
"philippines",8,0.137328747154456,0.887796904333314,0.660202551108244,0.803650660124156,"2008"
"philippines",3,0.0363141302890008,0.932024257581785,0.0612006877346459,0.793700568621931,"2008"
"philippines",7,0.040780738317894,0.910764781505411,0.282936707860017,0.789244924254211,"2008"
"philippines",4,0.281817744971102,0.925173807827772,0.318848760202502,0.529082273544338,"2008"
"philippines",8,0.129423984629984,0.862646595601111,0.694548807257646,0.706035597880173,"2008"
"philippines",7,0.424959000572132,0.749833116124045,0.275604292316673,0.714404978913987,"2008"
"philippines",7,0.268850964872655,0.883606331215909,0.270178679685342,0.67487165273703,"2008"
"philippines",6,0.182709885527542,0.859595667845528,0.952956047347977,0.536060412238525,"2008"
"philippines",6,0.0968070779708387,0.871687921294718,0.0955320142891062,0.702615405730215,"2008"
"philippines",7,0.229690391152381,0.822824754391709,0.68690569074019,0.664063721621685,"2008"
"philippines",6,0.202822038116794,0.917268387864002,0.244284773746086,0.458097458390458,"2008"
"philippines",8,0.158564208215668,0.950331833851733,0.210660823632358,0.392231860288237,"2008"
"philippines",6,0.16441431975948,0.906322227972273,0.741543323888644,0.813948856819388,"2008"
"philippines",8,0.273716696421494,0.927318437135081,0.282307120853663,0.744807629293065,"2008"
"philippines",6,0.44886121984465,0.62339766447737,0.728400874484279,0.610923937374442,"2008"
"philippines",7,0.184028296734149,0.954165352338184,0.651378815488605,0.667596050332017,"2008"
"philippines",7,0.0807595792628523,0.754353948662421,0.281255392672618,0.659986789922432,"2008"
"philippines",8,0.142355640976318,0.741821519152731,0.362171742580172,0.456251259134202,"2008"
"philippines",5,0.0617488702111174,0.909019012968407,0.20248104346404,0.843261881045908,"2008"
"philippines",6,0.126341204801871,0.900942245501874,0.434847568589898,0.763175126301425,"2008"
"philippines",3,0.316976163725282,0.910081176230512,0.243699347431607,0.849638451790318,"2008"
"philippines",8,0.034233209895007,0.921662590916174,0.978380955398407,0.726286319490127,"2008"
"philippines",6,0.336910015200964,0.925728976312747,0.276103240489956,0.332253884513639,"2008"
"philippines",6,0.13454610744559,0.95893796053093,0.265573708220675,0.558827943184182,"2008"
"philippines",5,0.0788851129211525,0.942250029886849,0.355959837500634,0.616602677629277,"2008"
"philippines",4,0.171908211806027,0.815015833775217,0.743867333002253,0.593118554591817,"2008"
"philippines",6,0.0398287562772469,0.914491524064851,0.157431246348815,0.828993606274632,"2008"
"philippines",6,0.149335710921711,0.931726954154966,0.155334676828227,0.528215987780452,"2008"
"philippines",4,0.182153602180767,0.881148718001354,0.19102811282994,0.665323205063619,"2008"
"philippines",7,0.3369794945447,0.936774102549978,0.0453606861918401,0.715055873154876,"2008"
"philippines",4,0.0339711464334891,0.924641897505683,0.256375742042517,0.812969287102697,"2008"
"philippines",8,0.140083945731943,0.934490347816183,0.0579654652119107,0.729177735449607,"2008"
"philippines",6,0.476960042570834,0.846736443866551,0.0371094057992544,0.477987224879266,"2008"
"philippines",6,0.537187504109259,0.926233277517788,0.726891421489994,0.613475171044448,"2008"
"philippines",8,0.300092386311607,0.970782154381211,0.0321421503056504,0.603392054215056,"2008"
"philippines",6,0.0452839877834285,0.947606386896212,0.0502890566498069,0.627412864509669,"2008"
"philippines",5,0.0797219080043939,0.909029032044427,0.655069898714086,0.39975883889746,"2008"
"philippines",7,0.0288812668998907,0.950454938654196,0.234209283184054,0.68156204964907,"2008"
"philippines",7,0.0342118847264087,0.934796408635554,0.568977603274095,0.831188156323579,"2008"
"philippines",6,0.125598395551855,0.936088384321052,0.644660696699767,0.346136795642728,"2008"
"philippines",6,0.0648385603557895,0.915954281606066,0.750476767348146,0.668017429780333,"2008"
"philippines",4,0.0523606096073232,0.943290076828201,0.181017437124045,0.535872318711762,"2008"
"philippines",8,0.403623831994882,0.657604639223293,0.606786818269044,0.622242263022729,"2008"
"philippines",6,0.0409492924965021,0.925448204462192,0.845640599871472,0.560091871026713,"2008"
"philippines",7,0.114376558813992,0.920777838548393,0.752417087317383,0.647896407155198,"2008"
"philippines",8,0.501961242331291,0.844557423196999,0.739447164067665,0.565682821150517,"2008"
"philippines",6,0.280882454156529,0.928046486490286,0.282411362513057,0.61474675477957,"2008"
"philippines",5,0.87591268775885,0.891616991652431,0.251862472416505,0.432637487007032,"2008"
"philippines",3,0.244387319672815,0.891130064250931,0.419627890599466,0.273643814120218,"2008"
"philippines",4,0.185236323505292,0.911470045881769,0.42401190658032,0.745777614949677,"2008"
"philippines",8,0.1200115445733,0.893158486927213,0.0642291024756071,0.851340232123129,"2008"
"philippines",7,0.102674841607993,0.947289466780969,0.0472435293111998,0.634248298997228,"2008"
"philippines",6,0.210552391192467,0.889666435670456,0.495583749898045,0.324252392001688,"2008"
"philippines",6,0.142757560225876,0.494680874874817,0.181192055201564,0.655017045539963,"2008"
"philippines",6,0.118091051988798,0.916904495616646,0.437551013632875,0.838024582984892,"2008"
"philippines",6,0.375920121166692,0.897470902625977,0.0297039531184047,0.336582313027563,"2008"
"philippines",6,0.730079687503527,0.276904379365511,0.5122427841366,0.770883703125058,"2008"
"philippines",7,0.0390405077252818,0.944685672506834,0.511872972047887,0.563592401320723,"2008"
"philippines",6,0.118530230420711,0.922344937216144,0.0330408105574294,0.688744184208661,"2008"
"philippines",8,0.630737477660396,0.88058636920905,0.0305823664273587,0.56672064346242,"2008"
"philippines",4,0.0573585171540959,0.913364915655915,0.523654313818049,0.654444928273807,"2008"
"philippines",7,0.0358719828046955,0.883416876054428,0.242295213730069,0.804705799693744,"2008"
"philippines",7,0.0808455192505044,0.939956738500114,0.404218334166208,0.584186904264408,"2008"
"philippines",7,0.28639182242665,0.933150829558186,0.046175269779343,0.628420202682479,"2008"
"philippines",8,0.0316541668775568,0.915196208416144,0.761758320953569,0.9291386604836,"2008"
"philippines",5,0.894523718510435,0.888317525543228,0.022489491389002,0.457949221482987,"2008"
"philippines",6,0.268223220285605,0.981261356724502,0.279045395048313,0.535822014576229,"2008"
"philippines",7,0.153034985602942,0.911183958186175,0.0428718552772231,0.478948984387794,"2008"
"philippines",6,0.0598645508398611,0.940317356264559,0.643198768655217,0.51538307488665,"2008"
"philippines",7,0.039412531786841,0.921145449172536,0.757339689355761,0.71921273535433,"2008"
"philippines",5,0.015938821639717,0.931349191954386,0.30464405279192,0.979507997842646,"2008"
"philippines",5,0.301494740708882,0.893948789916495,0.284113137301828,0.305285149216807,"2008"
"philippines",5,0.0301578334830027,0.914507176316131,0.304843447691902,0.913875158649922,"2008"
"philippines",5,0.407145930708186,0.875050264475717,0.610431768833257,0.550834105881194,"2008"
"philippines",6,0.105560461229139,0.948935801076423,0.0632774915049426,0.804767731837488,"2008"
"philippines",6,0.0342465936214824,0.94171536417232,0.0532983347900183,0.540948661533363,"2008"
"philippines",7,0.0747573782699999,0.941035088078903,0.278787639665137,0.810582141244295,"2008"
"philippines",6,0.134404984328702,0.932603923263288,0.322752151803158,0.643598485463591,"2008"
"philippines",6,0.0849591478119413,0.925284692728427,0.28712778910066,0.576729488358507,"2008"
"philippines",7,0.145294376778802,0.952645811246933,0.273613121291279,0.442101400318813,"2008"
"philippines",4,0.0334377342101449,0.906057086029031,0.985667350970769,0.786450830415073,"2008"
"philippines",7,0.0406390197506451,0.92605277098888,0.745314378564733,0.670631527977943,"2008"
"philippines",4,0.102195104118801,0.898951193865392,0.548945059619175,0.639631403160861,"2008"
"philippines",8,0.647521195237871,0.884959381466563,0.0318000181883344,0.651514389470145,"2008"
"philippines",8,0.175791019372283,0.711526477242789,0.980627686976627,0.6569675262231,"2008"
"philippines",8,0.0585851047665974,0.918580821276585,0.0374777653977833,0.664002318509852,"2008"
"philippines",7,0.0395902984254461,0.938162488286149,0.279501377105038,0.680158779425774,"2008"
"philippines",7,0.266174274915234,0.892546345112849,0.948268792344418,0.487919064205739,"2008"
"philippines",6,0.268729730505183,0.904807290113107,0.466461475657537,0.757588271324037,"2008"
"philippines",8,0.329680377329033,0.922951061020071,0.0399807124208646,0.352435833134357,"2008"
"philippines",5,0.299306255971844,0.934918846192648,0.549984209803803,0.74499801428142,"2008"
"philippines",6,0.879397621567065,0.856947451894164,0.172559228262977,0.570418743598015,"2008"
"philippines",4,0.467304016238974,0.499715760905088,0.264038765162326,0.483548464769767,"2008"
"philippines",3,0.168971552072985,0.901554237705468,0.314550388292631,0.414900010621447,"2008"
"philippines",5,0.174009462068455,0.916562242182047,0.487488044593825,0.515336037267131,"2008"
"philippines",5,0.204595367809154,0.898911060543604,0.514904190008273,0.701064800066731,"2008"
"philippines",4,0.369955784771378,0.944534600016769,0.955771533859444,0.687913845168515,"2008"
"philippines",8,0.28960822913226,0.947376716390119,0.503863364901545,0.548980140724967,"2008"
"philippines",6,0.394413348240812,0.928817773245793,0.501671157714781,0.518962377643897,"2008"
"philippines",7,0.123912018850633,0.899714357462491,0.929184114392844,0.577501016682999,"2008"
"philippines",6,0.209729932389653,0.938358420443065,0.0468667385110262,0.418469165793695,"2008"
"philippines",6,0.0588822933559662,0.962356796398395,0.0412266064628401,0.565752840189228,"2008"
"philippines",6,0.0410689153160226,0.934003041257848,0.0644525522929735,0.466459843191551,"2008"
"philippines",6,0.186866559944778,0.92091222048024,0.0530311322109119,0.558624118623558,"2008"
"philippines",5,0.130841995612305,0.915220442091844,0.225494556311896,0.728542033257259,"2008"
"philippines",6,0.203967530790566,0.872789410994443,0.975259246743779,0.471915060680398,"2008"
"philippines",3,0.151391438386775,0.926102800518922,0.0435715584077986,0.427825478978276,"2008"
"philippines",6,0.0439681050140007,0.933070281101085,0.280110015750519,0.709670791278434,"2008"
"philippines",8,0.205125247999062,0.918118193622602,0.0534712026019475,0.743292493636014,"2008"
"philippines",7,0.126798194967917,0.897335448022808,0.25126454314492,0.840473894478435,"2008"
"philippines",4,0.0452950567291901,0.898315013233156,0.0438759084013826,0.762687400429996,"2008"
"philippines",7,0.47660079039607,0.77496131565074,0.0450848706961869,0.707545310532682,"2008"
"philippines",6,0.272696082133684,0.900654425143313,0.0541003659545368,0.766407734003994,"2008"
"philippines",6,0.0658212558977364,0.574590587034577,0.267968621018059,0.395321487388723,"2008"
"philippines",6,0.0492629497468243,0.927208291062595,0.0594937554983681,0.645835754012256,"2008"
"philippines",8,0.0490422809299102,0.950551658826426,0.0463787422052376,0.707767543838807,"2008"
"philippines",7,0.0417114496905885,0.96274367347735,0.0445470885351548,0.552622642287693,"2008"
"philippines",5,0.0366479784411348,0.948132928109874,0.0590825566079678,0.750832624719018,"2008"
"philippines",6,0.137375816488596,0.938560007299327,0.0602241428652493,0.461294734096401,"2008"
"philippines",5,0.0413065000209438,0.924697746430016,0.0628095890499325,0.512850352081764,"2008"
"philippines",4,0.0558944083252308,0.965434453399727,0.0487355463745523,0.478917857220861,"2008"
"philippines",5,0.0417555024263811,0.931288678326912,0.847192779573211,0.78770386237684,"2008"
"philippines",4,0.252932930831162,0.866328597871524,0.0577868518795535,0.541665913378672,"2008"
"philippines",7,0.0276907064197632,0.930027508113807,0.442966726967916,0.885280735528603,"2008"
"philippines",4,0.0676322609409584,0.392285804257335,0.0426826442927959,0.616092565958742,"2008"
"philippines",4,0.188203656872183,0.945033394343506,0.0504893259286191,0.4333418583568,"2008"
"philippines",6,0.182972021363796,0.921885767354223,0.05327136984197,0.550369108416499,"2008"
"philippines",6,0.0481637213302537,0.926240677930664,0.0489427605128606,0.605580867655929,"2008"
"philippines",4,0.0965475651333145,0.929680771166928,0.0573637137790193,0.583790163658507,"2008"
"philippines",3,0.285738169013484,0.875068625777877,0.970084749477359,0.514732327651828,"2008"
"philippines",4,0.122904916296585,0.930505853386052,0.0787403778740678,0.703212715383749,"2008"
"philippines",3,0.358051000912074,0.928577553236053,0.268012254972409,0.432274671549588,"2008"
"philippines",3,0.48105364369112,0.910422296081147,0.0349474293355873,0.54000957627087,"2008"
"philippines",4,0.0356570205082342,0.932673048118503,0.0537041073846045,0.615482729966388,"2008"
"philippines",6,0.142690071496803,0.926511504100267,0.0457014480542214,0.406925462589714,"2008"
"philippines",7,0.136916289963025,0.906499071570946,0.228398347775658,0.626672430472235,"2008"
"philippines",3,0.0544095020419756,0.96965293180475,0.422948336707022,0.469115872933493,"2008"
"philippines",4,0.0264026086483417,0.942788473066188,0.707798140531278,0.636017630330814,"2008"
"philippines",4,0.234619031903279,0.939233911677347,0.0547316752186409,0.641374184153878,"2008"
"philippines",8,0.263951253391003,0.887586896751015,0.0607759611291324,0.797909902178807,"2008"
"philippines",6,0.0350632532732243,0.932679694528237,0.41634652422169,0.61851366370797,"2008"
"philippines",7,0.136907935011324,0.924916689504937,0.0514527886868713,0.616187562355101,"2008"
"philippines",5,0.307624341329288,0.764537681120333,0.0496223338805804,0.521404656687485,"2008"
"philippines",3,0.0670222843379086,0.898024801698824,0.0655053143931318,0.720797179218215,"2008"
"philippines",4,0.365094894249321,0.890049241574343,0.736386389440322,0.666381337326724,"2008"
"philippines",4,0.35162809467105,0.871403810794507,0.0310160079487606,0.531496645672699,"2008"
"philippines",7,0.124851088261911,0.91635972498527,0.0594670331860056,0.77762065255856,"2008"
"philippines",4,0.134285539893933,0.91128927159102,0.0459721926767096,0.59001938119084,"2008"
"philippines",7,0.0517416448276296,0.886412526456494,0.144471260966516,0.718144843189723,"2008"
"philippines",7,0.143616439180832,0.928654956094685,0.230500720996428,0.528440626841954,"2008"
"philippines",8,0.124675472602334,0.883723864745478,0.80450960867986,0.835781362978294,"2008"
"philippines",8,0.274678809453125,0.900955302240939,0.736960380432421,0.788300709524282,"2008"
"philippines",8,0.159775708332074,0.894359569493292,0.212886450222031,0.258714152436752,"2008"
"philippines",8,0.0856224868555839,0.895661936101167,0.728021831608369,0.634571140352508,"2008"
"philippines",4,0.118247974522171,0.85981994701482,0.98595242275019,0.777921582926764,"2008"
"philippines",6,0.50374184628129,0.914716602928718,0.27859176539011,0.566707698729076,"2008"
"philippines",8,0.13562323106089,0.889424071701307,0.284584706891254,0.758895652646303,"2008"
"philippines",6,0.0331001237638403,0.920575675902991,0.758721621432688,0.781021887550853,"2008"
"philippines",4,0.455020735693206,0.849916550337707,0.739919727955215,0.538362783436623,"2008"
"philippines",8,0.0447043583093833,0.941122090933937,0.0519504804887659,0.681384744480382,"2008"
"philippines",5,0.0410433144284572,0.945314852163762,0.059539235607722,0.693910405603108,"2008"
"philippines",4,0.235880681212755,0.888247932983477,0.0388464766608639,0.51780164184376,"2008"
"philippines",4,0.308834159758844,0.489288181638783,0.976777002154916,0.700644131623933,"2008"
"philippines",5,0.155718690703457,0.909714181566242,0.968828097577238,0.602890797055858,"2008"
"philippines",5,0.377344959248581,0.924396563850439,0.456730862431423,0.330825140570783,"2008"
"philippines",5,0.127375686354385,0.874507596144595,0.103200594909601,0.682876016100824,"2008"
"philippines",4,0.366915977787548,0.898855514106557,0.274023378384852,0.453971473182899,"2008"
"philippines",4,0.139017808086917,0.880738576521452,0.464962165729773,0.731562775749021,"2008"
"philippines",6,0.345686821365921,0.926812987012504,0.167821323284149,0.418621135107319,"2008"
"philippines",6,0.349173839159642,0.886145923523956,0.289993349628679,0.840550313041901,"2008"
"philippines",4,0.178526477015478,0.895950553144108,0.0550018925964056,0.783557817416054,"2008"
"philippines",6,0.0885814120756646,0.917819065604942,0.286885767926581,0.70845618684019,"2008"
"philippines",7,0.0759099814416117,0.930195312819339,0.0496157951588518,0.702817471049163,"2008"
"philippines",4,0.0367084484188214,0.920816849976185,0.0659061993219617,0.880280898275575,"2008"
"philippines",5,0.144949376193512,0.922110177550464,0.368161714756338,0.656701002169267,"2008"
"philippines",4,0.108408043040816,0.865800086271617,0.978821950421618,0.516688102994256,"2008"
"philippines",3,0.087824992838025,0.934502981400524,0.0538393981100751,0.710357272747773,"2008"
"philippines",6,0.0673323463533936,0.905366813001555,0.0603122699576549,0.626439317849805,"2008"
"philippines",3,0.0367899217905132,0.924949972498205,0.285886874809128,0.789795007638735,"2008"
"philippines",3,0.321066157874153,0.896926671149373,0.289467090957072,0.79453238069308,"2008"
"philippines",5,0.427248098319873,0.699836398002966,0.33467561607544,0.897139803941049,"2008"
"philippines",8,0.356988251791443,0.885589837596582,0.216106207609999,0.409908179045406,"2008"
"philippines",7,0.164838373144833,0.880669935208875,0.0448232337997775,0.440325623111259,"2008"
"philippines",8,0.0453003248511261,0.927302339851659,0.288435069051085,0.401433885622202,"2008"
"philippines",7,0.171981782307901,0.929776041880275,0.290197724172529,0.874215597047374,"2008"
"philippines",5,0.145242341514923,0.898538161526392,0.258691743844857,0.575800723972754,"2008"
"philippines",4,0.300811313158637,0.898314536595458,0.287714669555645,0.491316082379502,"2008"
"philippines",5,0.564295327315287,0.923291711327098,0.355418334687065,0.739603264825285,"2008"
"philippines",6,0.345491424494382,0.901778540380162,0.291103705553743,0.758175809892915,"2008"
"philippines",5,0.144150012433426,0.934716880864734,0.0461144714576963,0.510148923771166,"2008"
"philippines",5,0.0385236286292359,0.941417510298959,0.749781365691804,0.684169643309268,"2008"
"philippines",4,0.0763784768747737,0.900436608856015,0.0624495970390185,0.483462563847484,"2008"
"philippines",6,0.149177913874811,0.927820568460856,0.0374894850605967,0.607834029590707,"2008"
"philippines",5,0.373520956786309,0.921680457620565,0.578692635371968,0.570564550439703,"2008"
"philippines",8,0.0799884012227182,0.917691897063849,0.275833454894159,0.679577162029433,"2008"
"philippines",7,0.125923293554155,0.880709935075219,0.753979322401981,0.950196032419522,"2008"
"philippines",8,0.321993792066144,0.913066821209962,0.701625392889609,0.699319827794466,"2008"
"philippines",7,0.334065916352878,0.904476890591914,0.0885016385839734,0.577393045100482,"2008"
"philippines",6,0.144997141881058,0.930804696748106,0.283156402773121,0.691886198683818,"2008"
"philippines",6,0.329847680014761,0.944205887887493,0.274077237535727,0.660343001805445,"2008"
"philippines",5,0.23045263104251,0.933997904138082,0.269582055949965,0.670014750239326,"2008"
"philippines",6,0.130841420985136,0.920872433374814,0.290265314786464,0.871480432427198,"2008"
"philippines",6,0.193865202926723,0.934260807317303,0.646212329164404,0.529893633299146,"2008"
"philippines",6,0.0484659300153885,0.94246916704203,0.74407678648624,0.652949514634151,"2008"
"philippines",7,0.0773569922696922,0.876195556229827,0.020971217367699,0.396538098775024,"2008"
"philippines",7,0.0665884103637127,0.760218343166782,0.0211523350492626,0.500054548633314,"2008"
"philippines",8,0.286516624633506,0.906586516474527,0.0480900260833174,0.582960483289732,"2008"
"philippines",8,0.0192247165018359,0.9120144695469,0.766122823206044,0.839299029761572,"2008"
"philippines",7,0.0372562966689002,0.942155988224359,0.102885903628617,0.675262987572683,"2008"
"philippines",7,0.161627292531455,0.890750108724215,0.0483453704166231,0.591025300204142,"2008"
"philippines",6,0.167062467977513,0.902169817260681,0.0637901370221152,0.827143083459755,"2008"
"philippines",8,0.0446553559474559,0.915996256127777,0.241737701878377,0.748844138466443,"2008"
"philippines",8,0.48532228502647,0.885678008150081,0.937435081516779,0.68326242487474,"2008"
"philippines",8,0.0671301467565573,0.907619703330504,0.0578125336030526,0.9173796800808,"2008"
"philippines",8,0.0303651070046077,0.923905085009934,0.74354339581562,0.720989193459598,"2008"
"philippines",6,0.0583836454401038,0.913677479679939,0.295117101372377,0.920450908431068,"2008"
"philippines",6,0.145703198075843,0.935046166140472,0.282440255813008,0.709557115735805,"2008"
"philippines",8,0.0363557500965492,0.954083873045656,0.239618619921157,0.6942108918213,"2008"
"philippines",7,0.102620949641131,0.919050454979254,0.2780735256853,0.464988535948893,"2008"
"philippines",7,0.0586577936597983,0.902669627652083,0.0655733810386459,0.88033738573131,"2008"
"philippines",3,0.0497413951086083,0.89467967830249,0.0618505997434786,0.848836092812504,"2008"
"philippines",3,0.0314851578496908,0.918731447116568,0.0682986744655616,0.900526706729162,"2008"
"philippines",7,0.068712396742679,0.917398696719524,0.056441304301614,0.877543416368291,"2008"
"philippines",6,0.310135445141272,0.910942111292144,0.0612534409948575,0.777934624240626,"2008"
"philippines",3,0.184680764108773,0.849410173999801,0.739987964922807,0.526278549430257,"2008"
"philippines",4,0.044339902326385,0.939955481181434,0.0525514601750017,0.684149940085401,"2008"
"philippines",5,0.22624219789171,0.946257161789209,0.033113093456864,0.677311491472897,"2008"
"philippines",7,0.0421084520647951,0.895024205878645,0.757685432394832,0.629701799557958,"2008"
"philippines",6,0.0590617209454322,0.935843798632432,0.0573793651155493,0.874386500553342,"2008"
"philippines",7,0.072976143699167,0.918600039012587,0.292463305967484,0.807854574309104,"2008"
"philippines",7,0.111681651160825,0.898839824965684,0.221640495127719,0.760202105993955,"2008"
"philippines",8,0.0427900138529711,0.938534882705107,0.0558178102827473,0.661985905987232,"2008"
"philippines",8,0.0515886655884878,0.947712657361649,0.277967170141037,0.660294006780442,"2008"
"philippines",6,0.109301014735063,0.912738509508463,0.323745658687101,0.625071540663635,"2008"
"philippines",6,0.0364213754680196,0.927737439627158,0.0646322512914762,0.878924478304205,"2008"
"philippines",6,0.121624903738864,0.90017027491753,0.0591929625758851,0.878645841439563,"2008"
"philippines",4,0.0767988789180107,0.899850457802864,0.0413675499311941,0.247920589230505,"2008"
"philippines",3,0.0496828441100512,0.918738463523714,0.0706161901499174,0.941234449539836,"2008"
"philippines",8,0.0367743060241169,0.950249079598427,0.0474101188084165,0.641196176398874,"2008"
"philippines",6,0.0997544556123421,0.924944047228766,0.0499637590952208,0.757046524827794,"2008"
"philippines",7,0.117519077586792,0.928536191206377,0.0437971624543333,0.652747831714376,"2008"
"philippines",5,0.331486644324989,0.929699432189931,0.037533461734581,0.751613739770616,"2008"
"philippines",8,0.0423880916667405,0.932855303918617,0.74433698576257,0.701414598690964,"2008"
"philippines",7,0.0518820108965469,0.915633938783848,0.292647406361583,0.662001208585102,"2008"
"philippines",8,0.0331814781882286,0.930588243092688,0.0589513292395661,0.806090809470901,"2008"
"philippines",6,0.381117854202253,0.850699214844276,0.957576786927685,0.554116710464028,"2008"
"philippines",5,0.356741863089952,0.605849952376859,0.271163407378784,0.357954417781926,"2008"
"philippines",7,0.0505329560539341,0.897775264671608,0.564140778049236,0.600340073887747,"2008"
"philippines",5,0.0986107525577235,0.901722035520479,0.0610759893389059,0.86528409285821,"2008"
"philippines",7,0.0328061759293798,0.941736887291439,0.251684887355413,0.788081435088571,"2008"
"philippines",8,0.0805574504495508,0.925421251083876,0.0490477127872874,0.700979532304229,"2008"
"philippines",6,0.0675700465436912,0.792335338953303,0.053589109887667,0.609446709620895,"2008"
"philippines",6,0.344035727397293,0.881494662971176,0.283499332492672,0.785531771265932,"2008"
"philippines",5,0.0805561395963317,0.856788088748206,0.497360847635202,0.367694224856961,"2008"
"philippines",6,0.035564790791552,0.951199654469151,0.29044400232426,0.804955639203291,"2008"
"philippines",3,0.296525641657011,0.964895915127786,0.0458137640103427,0.319297076574132,"2008"
"philippines",4,0.0782959430595017,0.944398792073075,0.058419130735893,0.600450806857386,"2008"
"philippines",4,0.406263338744342,0.924191157038041,0.104326653206229,0.709303691284232,"2008"
"philippines",4,0.137731217235003,0.924858492449995,0.517949947615574,0.734811173405915,"2008"
"philippines",6,0.116088002469434,0.952746789968282,0.515423654587154,0.714891383310832,"2008"
"philippines",8,0.187466458654706,0.93388251417726,0.511810373478633,0.798014825564204,"2008"
"philippines",6,0.129956592380469,0.896628107322459,0.475813046377883,0.722306389025666,"2008"
"philippines",5,0.169009506533417,0.89845155542418,0.515504006079624,0.766523310100632,"2008"
"philippines",6,0.0965880387345287,0.892926051921662,0.0984694873971407,0.870810373353703,"2008"
"philippines",6,0.0482017954021826,0.920221798000192,0.0456216700731177,0.652657561847115,"2008"
"philippines",4,0.104519824318465,0.89909396511201,0.325308954256024,0.754987322712529,"2008"
"philippines",4,0.218460653569353,0.91222761245476,0.749725037011859,0.620479147645026,"2008"
"philippines",3,0.171181509349447,0.904050427803532,0.0479261250857571,0.624558083929166,"2008"
"philippines",4,0.0672697037678941,0.935146416283539,0.0588517713541724,0.627194869761749,"2008"
"philippines",4,0.416135820280335,0.907015786989048,0.437447808589287,0.862593907145848,"2008"
"philippines",5,0.325596311658084,0.899197619766894,0.421422083742454,0.562705127072247,"2008"
"philippines",7,0.296965461007956,0.908787594112519,0.283906785926773,0.685154467244354,"2008"
"philippines",6,0.0613946782382774,0.902018237680952,0.903836517279642,0.883491678586738,"2008"
"philippines",5,0.0787665663799474,0.908574742200525,0.0540579531684654,0.664331152037579,"2008"
"philippines",7,0.197909971518129,0.924118764123029,0.283876133348798,0.786929192443495,"2008"
"philippines",4,0.0950152915659201,0.925854309435738,0.285848934331302,0.747276495009629,"2008"
"philippines",3,0.592483146429222,0.893447878597019,0.0559350213997572,0.900212320482678,"2008"
"philippines",6,0.0473759885098843,0.940962375596194,0.738809816335398,0.682868849558967,"2008"
"philippines",6,0.0730187969238727,0.885530604441601,0.739622300700136,0.678458412788599,"2008"
"philippines",6,0.0937487049300495,0.706029612513991,0.230922053639815,0.735750342259209,"2008"
"philippines",4,0.57269127845026,0.886836850319779,0.513328501869361,0.72776618519333,"2008"
"philippines",6,0.609959270745126,0.305362134680307,0.0635033463374862,0.678645319467546,"2008"
"philippines",5,0.502885404356847,0.53709472739719,0.283747569393056,0.712653701564005,"2008"
"philippines",4,0.596020524013878,0.888768600084163,0.0420728662555106,0.627020222078256,"2008"
"philippines",4,0.0692049403083434,0.917440507921227,0.480471931014925,0.721876910872251,"2008"
"philippines",4,0.17801670482924,0.908840138317018,0.729192223902905,0.61412322953016,"2008"
"philippines",4,0.117093941433253,0.890086933176623,0.500517084452401,0.601312014274796,"2008"
"philippines",8,0.556196319398339,0.895399416550645,0.279359292255703,0.582662847685857,"2008"
"philippines",8,0.514616185812928,0.906040733731455,0.0527526497226276,0.604994692829087,"2008"
"philippines",3,0.0386809066736127,0.915814769823942,0.292094745916911,0.850615990894399,"2008"
"philippines",4,0.108346329591499,0.878979450728407,0.622884899732254,0.66457826847337,"2008"
"philippines",7,0.560066708835831,0.766018200678864,0.237609511121299,0.624451730405476,"2008"
"philippines",8,0.397134629401599,0.898803873114834,0.0957666326506363,0.809128524009945,"2008"
"philippines",4,0.162969088101774,0.939768861125836,0.291798009697314,0.859685492213412,"2008"
"philippines",5,0.406686851910026,0.905788595426319,0.27759297618761,0.841708258638254,"2008"
"philippines",4,0.0475091045279982,0.931390344703826,0.287858652414682,0.805675132952713,"2008"
"philippines",4,0.125069963385978,0.918369991291532,0.283034126902867,0.795421896548417,"2008"
"philippines",5,0.0474621333148325,0.930120565601231,0.285963802956836,0.754829135508358,"2008"
"philippines",4,0.0601612252001489,0.905383233573992,0.0966707674924705,0.522828061369231,"2008"
"philippines",7,0.509741164201665,0.919365461986388,0.273262280644314,0.731193938494244,"2008"
"philippines",6,0.143556057426127,0.791921036251189,0.457824310111858,0.597078634392662,"2008"
"philippines",4,0.137968502140939,0.903552015341985,0.0453121508105817,0.751123501680682,"2008"
"philippines",4,0.276897799180279,0.945545431033271,0.0474612627255952,0.856638635345765,"2008"
"philippines",6,0.0488499052923857,0.956491750605979,0.409989319564079,0.622456375956874,"2008"
"philippines",4,0.291537449405753,0.882750272798825,0.0664011605088139,0.723935893156976,"2008"
"philippines",5,0.487159829538398,0.934972864353785,0.958522995795936,0.461687255039728,"2008"
"philippines",8,0.0938338935613016,0.941001869237653,0.0300778603173011,0.478303998521848,"2008"
"philippines",8,0.0221463376851778,0.963435084828329,0.849999899663371,0.590177075588475,"2008"
"philippines",3,0.0753242781669631,0.742028049710132,0.74525268535577,0.624387323906884,"2008"
"philippines",5,0.312668722958702,0.860494155694813,0.0425541329448993,0.615551567542431,"2008"
"philippines",8,0.0349674417396064,0.925173228612402,0.0608898403336763,0.822682566092652,"2008"
"philippines",5,0.122063450427824,0.899197216235101,0.0569071202457838,0.870540292318706,"2008"
"philippines",5,0.130743439373985,0.931319431813471,0.0492101720703407,0.520786728345234,"2008"
"philippines",7,0.0308681918547288,0.935549274011206,0.0671254832688104,0.789902324208966,"2008"
"philippines",7,0.309902511963282,0.881961375245464,0.456909156748929,0.509862095119698,"2008"
"philippines",7,0.238383194737406,0.933400569978114,0.0541424043555537,0.813620955085597,"2008"
"philippines",6,0.263588460244161,0.941865042645844,0.472478238110283,0.734056738395161,"2008"
"philippines",4,0.10816734761463,0.934677782498932,0.502666177842631,0.765981084903614,"2008"
"philippines",3,0.0687633503371377,0.933678067164219,0.0590892049961838,0.601674922164343,"2008"
"philippines",3,0.133054996305667,0.926331906032064,0.052563282433914,0.746865557342853,"2008"
"philippines",7,0.183656858296457,0.900339342048009,0.047974045071809,0.642104692581362,"2008"
"philippines",5,0.0630238449802286,0.938423842391018,0.0584318811954258,0.734833139482297,"2008"
"philippines",7,0.0238655942884964,0.909754422780635,0.955263255528927,0.834443912859437,"2008"
"philippines",8,0.352941508556372,0.894216538798462,0.276817849417726,0.607025347765459,"2008"
"philippines",6,0.166218342930672,0.886182381075782,0.301844701675199,0.674409275934157,"2008"
"philippines",4,0.210779064171259,0.928586849203129,0.281399109528868,0.508103572451572,"2008"
"philippines",5,0.201735340690027,0.89758028287566,0.291002380739482,0.625848398358613,"2008"
"philippines",7,0.404234277240943,0.651192816152358,0.613700018080718,0.53412105546601,"2008"
"philippines",7,0.458995772259865,0.893287491237776,0.0506916950126803,0.578091536535262,"2008"
"philippines",7,0.0705616282506708,0.916446319328789,0.473809031916965,0.722644761311101,"2008"
"philippines",8,0.0729414666620757,0.887325693935839,0.28956230234354,0.504843086016943,"2008"
"philippines",4,0.372614892823114,0.929837354321258,0.0468934304095643,0.614334163347494,"2008"
"philippines",5,0.495347318982561,0.889090924860078,0.476434451602977,0.709226370073505,"2008"
"philippines",8,0.0705017018175175,0.923668204484798,0.248178057162183,0.729400026006787,"2008"
"philippines",7,0.122349491473173,0.909982688184365,0.469617041866491,0.65878068513671,"2008"
"philippines",7,0.203397422460356,0.900298091781874,0.05659361272644,0.714528835405807,"2008"
"philippines",4,0.0483384457320568,0.948999160539598,0.234425973299807,0.558199841764286,"2008"
"philippines",7,0.116894494349401,0.919607502540937,0.0473896471066226,0.653232248836892,"2008"
"philippines",7,0.04184315535022,0.944834337064243,0.0521435258457427,0.6926690127978,"2008"
"philippines",4,0.399788395800225,0.943225810826946,0.228339463435159,0.51321166466984,"2008"
"philippines",7,0.245738728394257,0.935225427296474,0.0503559302277345,0.644338621265771,"2008"
"philippines",4,0.278041485884432,0.948925088874184,0.0319184214558094,0.432816613980493,"2008"
"philippines",7,0.0549049571374724,0.932956979939118,0.238338740891863,0.714713134871493,"2008"
"philippines",6,0.543900453851721,0.875844721878035,0.792170704397176,0.658232975334481,"2008"
"philippines",7,0.175737087875903,0.90604077297897,0.430498032465559,0.738404972458232,"2008"
"philippines",7,0.0343740654971668,0.957852802701365,0.0587113389546248,0.658481973526093,"2008"
"philippines",7,0.569117437606643,0.862116716450898,0.287692786592704,0.777776005690874,"2008"
"philippines",3,0.47696009025659,0.949397365664467,0.735609814992215,0.617079761147218,"2008"
"philippines",5,0.134604476630925,0.905535313326541,0.281504789746961,0.704019901096402,"2008"
"philippines",3,0.136549764434182,0.90957930669629,0.521516636132303,0.486731807237842,"2008"
"philippines",5,0.0771398499787412,0.909936772649328,0.317943278824955,0.726134578262469,"2008"
"philippines",3,0.104813355343999,0.905874026608383,0.472079203671129,0.64000178271314,"2008"
"philippines",3,0.0492336735058806,0.89140665217393,0.473486320881122,0.581148294691378,"2008"
"philippines",4,0.275481168590422,0.871877767547359,0.0541034306458259,0.659204635470418,"2008"
"philippines",4,0.367653136366605,0.891277268585927,0.278759011155707,0.452925332943558,"2008"
"philippines",4,0.0230172488072155,0.912597773291913,0.0698944068348039,0.866681200308965,"2008"
"philippines",6,0.540567015355484,0.889753940642508,0.0378377221730834,0.461516380723792,"2008"
"philippines",4,0.203577020983,0.922213874956398,0.287308254459246,0.638984383490402,"2008"
"philippines",7,0.0560406606950838,0.824924268457152,0.0648191286106272,0.485240462156067,"2008"
"philippines",6,0.222441722132312,0.909071449801371,0.282527319943154,0.641042892827665,"2008"
"philippines",5,0.170176965732416,0.877362583685768,0.243121337141995,0.65165213078179,"2008"
"philippines",5,0.0700896620113021,0.904796788256731,0.24594204646415,0.601509886011042,"2008"
"philippines",5,0.355820647266501,0.876667742014332,0.232826977265158,0.700657621991016,"2008"
"philippines",6,0.207101259420472,0.901945545794953,0.23539901778978,0.718097906797904,"2008"
"philippines",6,0.252444535124997,0.931804078978762,0.254357360649402,0.662338462739367,"2008"
"philippines",5,0.0431822809578652,0.920491809056942,0.0511991689271345,0.627439441419453,"2008"
"philippines",5,0.0446975374359757,0.945391470575905,0.0584920707991717,0.619821714479388,"2008"
"philippines",4,0.156581568621662,0.922955020967995,0.0303979859553427,0.609324650696494,"2008"
"philippines",4,0.0885516340441568,0.937671472946957,0.241491444543703,0.698478393172952,"2008"
"philippines",6,0.0420120202361648,0.926417497172319,0.286247401264138,0.68977601837869,"2008"
"philippines",4,0.0246107002017355,0.931993205578641,0.527989985823106,0.746287690703653,"2008"
"philippines",7,0.130393994419498,0.905706549702672,0.281854164855559,0.71727953418547,"2008"
"philippines",8,0.0364481311842028,0.924323998966468,0.620224847225077,0.748996205425195,"2008"
"philippines",7,0.130825589100112,0.893835842938789,0.0628389456978556,0.799744400536627,"2008"
"philippines",6,0.138513753316775,0.869413201455074,0.240240525039065,0.513895838064452,"2008"
"philippines",7,0.0423605740293644,0.948659509110337,0.0535262563012555,0.73253507629326,"2008"
"philippines",4,0.27594753947865,0.928936543890483,0.241558035195785,0.670356540756585,"2008"
"philippines",4,0.0467852031023835,0.874182223154297,0.61429979182565,0.504812939002142,"2008"
"philippines",6,0.0531495514061899,0.916041517360631,0.129230355142205,0.460770988009937,"2008"
"philippines",4,0.340253671682059,0.898187703478811,0.284651292459241,0.57604582674862,"2008"
"philippines",6,0.214818544211744,0.928500844329278,0.800251827317973,0.550788176011265,"2008"
"philippines",8,0.0461017112299192,0.939383345701696,0.418507590819247,0.639104282997873,"2008"
"philippines",4,0.101139755284774,0.924750043737258,0.0492906185419699,0.653488363766581,"2008"
"philippines",6,0.0998103712736612,0.890486805834593,0.514930892270512,0.80310095631241,"2008"
"philippines",5,0.100965585222431,0.904912927876713,0.0523471126351851,0.470978109485818,"2008"
"philippines",5,0.12749234753772,0.918627087061912,0.068862536529161,0.732468482443468,"2008"
"philippines",6,0.125261597822979,0.887597288224235,0.28360688571233,0.667447710952515,"2008"
"philippines",7,0.0332408334168923,0.914263044764162,0.0630627186991222,0.780393861982559,"2008"
"philippines",7,0.0580593858230956,0.933165257188759,0.583105557643437,0.653461991706078,"2008"
"philippines",5,0.0459295208120892,0.92334877766282,0.0494637531317388,0.689966079969084,"2008"
"philippines",6,0.157815969795251,0.910677832616797,0.0662066439164074,0.52818017656701,"2008"
"philippines",8,0.0551488376998902,0.919518613338841,0.0444052187537771,0.464698020118318,"2008"
"philippines",5,0.0677402650943821,0.940700115489679,0.0555869542860523,0.696852186561696,"2008"
"philippines",8,0.123327002372577,0.91023542147507,0.61319776528113,0.738388623411786,"2008"
"philippines",5,0.227933844937126,0.517510183106553,0.610030518284515,0.499738874501286,"2008"
"philippines",5,0.126243712219708,0.905491822487385,0.978404018037055,0.66360971065553,"2008"
"philippines",3,0.262201039036036,0.952108769674466,0.224204833058319,0.564318417785136,"2008"
"philippines",5,0.137229526641175,0.922860729943495,0.2825731169085,0.611382558950678,"2008"
"philippines",6,0.126724050687325,0.906940501759393,0.279724818881759,0.651542963073442,"2008"
"philippines",4,0.0759406190547234,0.916041700253179,0.291301689877945,0.794331185430923,"2008"
"philippines",5,0.114182347272364,0.906803778649028,0.289390939806335,0.782579579425843,"2008"
"philippines",8,0.0601827399787717,0.957884838687355,0.0468338167364222,0.332127523736111,"2008"
"philippines",6,0.0753349242076772,0.603746236501567,0.179126572345549,0.5630088929037,"2008"
"philippines",6,0.371954422348363,0.461543128314691,0.270218869037936,0.610442911668357,"2008"
"philippines",3,0.367080109311713,0.89702824320253,0.200779119109383,0.381940573992226,"2008"
"philippines",5,0.118978026277949,0.923652443349105,0.0569110121488478,0.729201059270231,"2008"
"philippines",3,0.324308127250712,0.892992570603263,0.933694446055386,0.74014405140742,"2008"
"philippines",7,0.0485815045243913,0.944390473258609,0.0534083279541137,0.688204884181519,"2008"
"philippines",7,0.249435719141354,0.925110844156898,0.0484639576731188,0.525889859042699,"2008"
"philippines",6,0.0402824050873538,0.93039260463245,0.0549190442149062,0.588859525707222,"2008"
"philippines",8,0.0880726196953145,0.890321535169737,0.5680293865876,0.736822398036284,"2008"
"philippines",3,0.0679121968316177,0.701508099223821,0.281284068352771,0.747167031298555,"2008"
"philippines",5,0.393652849533476,0.831801673077463,0.550650383198838,0.761992580681113,"2008"
"philippines",6,0.269018869142376,0.928095124574327,0.514137945216466,0.631321686032818,"2008"
"philippines",6,0.380415206057146,0.644731004910745,0.596613089550237,0.621106911758522,"2008"
"philippines",6,0.122679218147982,0.91276444712509,0.79037928855513,0.759718706619174,"2008"
"philippines",5,0.0450035855696474,0.899459733585756,0.750110077798225,0.695756678779215,"2008"
"philippines",5,0.125095478131905,0.900078552965429,0.430946296415778,0.875420407764613,"2008"
"philippines",7,0.0756041032759554,0.724723093846299,0.103945757568287,0.758913292192979,"2008"
"philippines",7,0.112737045094227,0.908484173838236,0.751884026433143,0.74129055949585,"2008"
"philippines",6,0.0455191644758152,0.900776536800185,0.287590797028818,0.916326948365916,"2008"
"philippines",8,0.0875125622714191,0.893766322504525,0.31806862533464,0.764477194039117,"2008"
"philippines",6,0.0412133883299414,0.923126342335418,0.103125165476261,0.927134849277405,"2008"
"philippines",8,0.436190180928243,0.911192411401268,0.278003383096013,0.729948518713817,"2008"
"philippines",3,0.0410985487759616,0.925572026328048,0.0560146292353242,0.574484868637362,"2008"
"philippines",5,0.0381221886168056,0.906291677209052,0.758965927301762,0.599716191985021,"2008"
"philippines",5,0.0377973219521428,0.916786966300737,0.247336004633605,0.630536829934465,"2008"
"philippines",6,0.601685004531166,0.887621918540111,0.278995111647908,0.704545372941588,"2008"
"philippines",6,0.247761069636526,0.893729615688865,0.51164753020137,0.639647399706663,"2008"
"philippines",8,0.20181306466208,0.933537698240529,0.0456804798589499,0.632101498233801,"2008"
"philippines",7,0.0508954037980762,0.933697115178435,0.0521412608158741,0.634309968726053,"2008"
"philippines",7,0.162434352319976,0.933579727677907,0.509984701825231,0.647808703675811,"2008"
"philippines",7,0.745705977622009,0.887506368107931,0.44524106619478,0.771901787135721,"2008"
"philippines",5,0.294522731254303,0.907977019527345,0.919439852398232,0.634454577400833,"2008"
"philippines",6,0.37272136002952,0.88595497109295,0.694963802493103,0.647379854676351,"2008"
"philippines",7,0.315449364568145,0.726664729837211,0.56551678913654,0.73356955619237,"2008"
"philippines",7,0.121330450700203,0.921879007317933,0.237649443923426,0.651504407652098,"2008"
"philippines",8,0.202893835210151,0.862674171875635,0.597560864984169,0.653258652564174,"2008"
"philippines",5,0.166820031195351,0.849825380679122,0.460091072391005,0.611564681104116,"2008"
"philippines",7,0.0463573773421568,0.889717749808472,0.741774531715962,0.662418385614889,"2008"
"philippines",7,0.382142290910602,0.893820907089916,0.279351076397014,0.709931771703436,"2008"
"philippines",5,0.0452067102622695,0.882264266444645,0.66183825594936,0.695442664736326,"2008"
"philippines",5,0.662175806249323,0.593695457475479,0.977695694712443,0.522570579915123,"2008"
"philippines",6,0.0860570500046909,0.910366547846167,0.476036590978822,0.689175678783387,"2008"
"philippines",6,0.364082657195914,0.876562375292937,0.530533897603998,0.817975602150899,"2008"
"philippines",7,0.0674301820154666,0.893334879443089,0.761345692336034,0.912713882811164,"2008"
"philippines",7,0.0400486689773016,0.895684107302117,0.0728328705587999,0.800327853839801,"2008"
"philippines",6,0.0429204422535797,0.906188569557635,0.291772562959644,0.788398880790607,"2008"
"philippines",6,0.0511917749151241,0.90736315803241,0.735811359652505,0.675864267008683,"2008"
"philippines",5,0.0683144547568423,0.931187194743392,0.285286620439094,0.677451843149185,"2008"
"philippines",8,0.180106527517758,0.94720971845337,0.250943407823662,0.746709043948627,"2008"
"philippines",7,0.0495001379228748,0.951470024697166,0.275689004093025,0.508471024050184,"2008"
"philippines",3,0.032426493683572,0.902056200069275,0.526126957846932,0.657025109401682,"2008"
"philippines",8,0.310222537305802,0.910680260167291,0.500433047374527,0.633675981224288,"2008"
"philippines",3,0.281800972512313,0.901956623939583,0.0488485289989705,0.63488014924896,"2008"
"philippines",8,0.346561481920753,0.889251813574483,0.285984755281589,0.683653303251006,"2008"
"philippines",3,0.11997842877866,0.937084143350119,0.0486654032026718,0.662599107255491,"2008"
"philippines",7,0.28140443687025,0.967098059319974,0.0436644930278402,0.645069227442493,"2008"
"philippines",6,0.0376970953915787,0.901819105692079,0.304156241635161,0.833992412388093,"2008"
"philippines",6,0.315915418675623,0.918502484920753,0.661006955137395,0.640821507571704,"2008"
"philippines",3,0.0373710198961929,0.907495915978639,0.526871335071838,0.812253905734025,"2008"
"philippines",7,0.0494535499496122,0.85568266173004,0.530141718057152,0.818229260335497,"2008"
"philippines",4,0.050812050031065,0.903476138044038,0.668174837147101,0.680286442206121,"2008"
"philippines",7,0.193952981736105,0.900477427409549,0.525742192327071,0.745097589157139,"2008"
"philippines",3,0.204849781399392,0.90464384126516,0.0485182864017306,0.465589951674065,"2008"
"philippines",3,0.25980459914933,0.908523970965096,0.281316220464427,0.757569430764018,"2008"
"philippines",6,0.385842499786776,0.887166199237786,0.450696164589446,0.725183781589639,"2008"
"philippines",3,0.205583759678128,0.890870155856504,0.237291069892048,0.749544993338819,"2008"
"philippines",6,0.123247638704941,0.929446176850122,0.0285280515138532,0.489786889917432,"2008"
"philippines",6,0.0933258454557325,0.897598298274748,0.0775376053555869,0.480917271604275,"2008"
"philippines",7,0.124716288908197,0.917036312685929,0.0877830822782166,0.66114176619688,"2008"
"philippines",4,0.157017181458343,0.899557398893041,0.504983008047362,0.644988312651116,"2008"
"philippines",6,0.0693587441928533,0.920809669209368,0.25791864552853,0.866551560476097,"2008"
"philippines",6,0.645494805854423,0.87028858009737,0.271468772188988,0.269758692591984,"2008"
"philippines",4,0.154052717896677,0.868612117120522,0.963309019660192,0.605750784771167,"2008"
"philippines",4,0.477304137235261,0.875121339715169,0.0790029230877514,0.559710207709965,"2008"
"philippines",5,0.113289503963075,0.932581324674234,0.0532874232055449,0.56907759068151,"2008"
"philippines",6,0.191305233755129,0.870740570705927,0.0608271366457127,0.739513879910878,"2008"
"philippines",6,0.415409379778019,0.863925811289092,0.0429846267256347,0.62571373523033,"2008"
"philippines",6,0.376388407850802,0.869849922756616,0.283566273792582,0.50803843029641,"2008"
"philippines",7,0.154717701447935,0.91374280929151,0.0636239524031482,0.839827282753349,"2008"
"philippines",8,0.353513189653757,0.904232519518029,0.234306163296696,0.529842593784841,"2008"
"philippines",8,0.277875340081647,0.911534061207375,0.460823617805196,0.598527917335535,"2008"
"philippines",6,0.0490052542503624,0.923238986628615,0.0542803914477936,0.58941925303239,"2008"
"philippines",8,0.0249096810648926,0.958008907814047,0.0604041692986542,0.707952855250353,"2008"
"philippines",6,0.448412076500391,0.905473875567728,0.750889674540931,0.600060240352061,"2008"
"philippines",6,0.0391092384696981,0.946279168656947,0.098046766372437,0.62789189888728,"2008"
"philippines",4,0.0755988446004622,0.85837280154751,0.666650025166671,0.824238768192486,"2008"
"philippines",7,0.0530517897151787,0.895993992050991,0.371726260787282,0.666699117535186,"2008"
"philippines",5,0.425583529132988,0.783583435587368,0.548926682611426,0.505218640964953,"2008"
"philippines",6,0.195055767936337,0.894213880637641,0.513059863316667,0.664333923474748,"2008"
"philippines",6,0.0737565558482045,0.777741810037324,0.607503997905612,0.506044141227327,"2008"
"philippines",8,0.031041929124722,0.929360017645818,0.250734848719859,0.838917347416425,"2008"
"philippines",4,0.0479313679565378,0.87972744459659,0.289591512841509,0.767208363372794,"2008"
"philippines",6,0.0369671730627036,0.920105480386387,0.33610868842631,0.820428157626699,"2008"
"philippines",6,0.494058774968345,0.902601117672421,0.467506293713653,0.808175809683291,"2008"
"philippines",7,0.10905026604116,0.920707814462423,0.607357495292409,0.631358293462265,"2008"
"philippines",4,0.109443084582627,0.902832802272004,0.977066333463788,0.590067306630951,"2008"
"philippines",4,0.191439004799059,0.89615057600044,0.287113472572555,0.416062485715246,"2008"
"philippines",4,0.0781047145632165,0.171231082339076,0.296245585746884,0.649969375612725,"2008"
"philippines",4,0.0627864914076187,0.897037254262007,0.522246387128958,0.861835106006105,"2008"
"philippines",4,0.0845921695321457,0.915569932478807,0.291667808904845,0.485853277371283,"2008"
"philippines",4,0.0329290858156577,0.932844903129708,0.29652213790629,0.755075307632885,"2008"
"philippines",6,0.0331975038292554,0.914436703892557,0.292188386180037,0.773461705524337,"2008"
"philippines",6,0.0338615169620714,0.92515774592439,0.292077774828352,0.694296967293016,"2008"
"philippines",4,0.0436750462277966,0.916157639079153,0.278279908395843,0.755935742438504,"2008"
"philippines",8,0.0352082055114659,0.932008774893773,0.292388622229321,0.665314969822294,"2008"
"philippines",3,0.0717402182204289,0.913830821395465,0.28512411981907,0.628772767792324,"2008"
"philippines",4,0.113770419273683,0.942018043690167,0.0494504216455555,0.79205842707733,"2008"
"philippines",3,0.121214268940612,0.940570355678449,0.0471672951570533,0.48769850923008,"2008"
"philippines",3,0.0490455322999723,0.910309748912386,0.293484667804221,0.454994105324828,"2008"
"philippines",3,0.117416055923358,0.899480287437199,0.749825071264436,0.634523853567384,"2008"
"philippines",3,0.395483512819608,0.834720730777942,0.303516746846581,0.404060419536288,"2008"
"philippines",3,0.66452885540223,0.454090764112643,0.440287020911571,0.601118068184741,"2008"
"philippines",3,0.203486905195155,0.909761877532374,0.966062042347195,0.660880818574697,"2008"
"philippines",5,0.272676307978306,0.916178653676897,0.263839058134486,0.478748790665174,"2008"
"philippines",5,0.0343439375939773,0.940989440939587,0.620174317520148,0.576760695498548,"2008"
"philippines",6,0.330262372401235,0.913821790828575,0.50509061591723,0.529858079188304,"2008"
"philippines",4,0.0437182778079374,0.929581363557923,0.289011276808111,0.746265622719163,"2008"
"philippines",4,0.0678434554736682,0.910488359484325,0.704268283642307,0.700878205435008,"2008"
"philippines",3,0.170325023447317,0.9003767487016,0.325614036233212,0.828375888023328,"2008"
"philippines",3,0.104689371209143,0.928601421974834,0.285908570964884,0.740860323346615,"2008"
"philippines",3,0.0769667961318095,0.348885123020596,0.483704941005016,0.746124600639419,"2008"
"philippines",3,0.0992273618690484,0.258126263264045,0.431352897567239,0.713426669707529,"2008"
"philippines",3,0.0992379245055676,0.773018165661887,0.474888563595676,0.767763796416643,"2008"
"philippines",4,0.513142848704944,0.873256360598119,0.491073054747444,0.648290500196477,"2008"
"philippines",4,0.15641441828576,0.868339211446927,0.522429425302341,0.73568371718159,"2008"
"philippines",4,0.128820050202915,0.8054912932365,0.513056640755787,0.667189037719801,"2008"
"philippines",3,0.11929621463954,0.946171426033508,0.0519405382710271,0.699277174829687,"2008"
"philippines",4,0.18369860086646,0.930552670929764,0.325509886311643,0.77713780755031,"2008"
"philippines",4,0.240573432536477,0.825499431559283,0.742688111974938,0.354233435549404,"2008"
"philippines",5,0.283557198289504,0.685313476501714,0.0387751387623322,0.514975849358901,"2008"
"philippines",8,0.0366005634991837,0.928610573884043,0.656296709127127,0.718740056344969,"2008"
"philippines",4,0.104237274796149,0.90623844046898,0.282703169901443,0.507313679870846,"2008"
"philippines",4,0.128080159556959,0.945272436414792,0.0515481543038367,0.754942802646498,"2008"
"philippines",5,0.394624058461133,0.86171128831996,0.0418143063005822,0.588602704827,"2008"
"philippines",8,0.1101748165407,0.938535035883013,0.0607528861802861,0.720802819080525,"2008"
"philippines",3,0.0431704634465574,0.9463352189037,0.0548467147747304,0.765247827035548,"2008"
"philippines",8,0.276092695559806,0.886443157790084,0.245521107326291,0.811508777088165,"2008"
"philippines",7,0.0782469064170767,0.907511145626351,0.954272186896898,0.694682121358454,"2008"
"philippines",5,0.0920746060381318,0.92092223667466,0.39890362733726,0.542036951912445,"2008"
"philippines",7,0.453557775166581,0.907783675268306,0.0552470284052411,0.4377227532613,"2008"
"philippines",6,0.255855642012094,0.957080131389713,0.277630095358373,0.538805790370952,"2008"
"philippines",4,0.124542437615493,0.923908931526914,0.747423620508961,0.700673212382651,"2008"
"philippines",3,0.284635763768811,0.903476204602384,0.701669936219977,0.609363105772422,"2008"
"philippines",3,0.150287900331847,0.918532937582473,0.276619066324298,0.582793609337202,"2008"
"philippines",3,0.207888628891426,0.860024279084244,0.28666046405833,0.563175678267279,"2008"
"philippines",3,0.322661901261476,0.936174410645099,0.0498042720173182,0.709429532645739,"2008"
"philippines",6,0.283699172335262,0.860751138820753,0.47032322362893,0.650389418775196,"2008"
"philippines",4,0.252825736155729,0.919526554371477,0.051028049332479,0.606305238682369,"2008"
"philippines",3,0.531136364371257,0.800108734318188,0.64258975828159,0.652226803812472,"2008"
"philippines",5,0.29759794476442,0.648575688401486,0.760875786479852,0.779491240200485,"2008"
"philippines",6,0.202625771627488,0.894810386507174,0.64175610221462,0.487187565981075,"2008"
"philippines",8,0.199814986636464,0.911730158187278,0.554362905510581,0.546489374016961,"2008"
"philippines",8,0.0398225041407928,0.922846141481926,0.248349080358273,0.803422383023089,"2008"
"philippines",7,0.0280184249175592,0.93902122932794,0.980679644478277,0.625479513600123,"2008"
"philippines",5,0.155322563161272,0.832827229164711,0.748856632343498,0.431460944653088,"2008"
"philippines",4,0.0481942006680234,0.877971182296688,0.623284939060461,0.803320330939072,"2008"
"philippines",4,0.0388596369993123,0.935119637928674,0.0589526055441511,0.684402857997167,"2008"
"philippines",5,0.249410929970003,0.933992370077541,0.0475352809396281,0.760967668424655,"2008"
"philippines",4,0.116448134058779,0.899465502132087,0.0370972528520321,0.570603943980603,"2008"
"philippines",7,0.425916799133109,0.898113929978561,0.369773745464168,0.762516827213088,"2008"
"philippines",8,0.207508329452432,0.884873059163154,0.747898976520914,0.847753481340991,"2008"
"philippines",4,0.128134472759502,0.873315591999967,0.981365920099187,0.813544814563876,"2008"
"philippines",6,0.104562554868858,0.911506165812786,0.0602538453480294,0.726268755884511,"2008"
"philippines",3,0.123083247196075,0.946691950369814,0.468819381775896,0.626361087528796,"2008"
"philippines",5,0.187393425197314,0.933431365990591,0.0609801906181722,0.761743703178575,"2008"
"philippines",7,0.753183672900979,0.710388109547662,0.482070645606728,0.566177683741606,"2008"
"philippines",6,0.13031827540876,0.887459117461972,0.462016432063722,0.83607974479179,"2008"
"philippines",7,0.134179232061465,0.856161402640777,0.049335962865853,0.593208923912068,"2008"
"philippines",7,0.16733470781545,0.894968509167564,0.0488626112924417,0.713647924642171,"2008"
"philippines",6,0.122518093557538,0.87491273427823,0.0610137602699274,0.616626446060504,"2008"
"philippines",6,0.0395663776312342,0.926882521744965,0.0560224915581441,0.573215070793586,"2008"
"philippines",5,0.0465686978262649,0.881994609770527,0.0993396219444773,0.562070821356927,"2008"
"philippines",4,0.0376509263517574,0.908435655456781,0.617769473307548,0.4478058079173,"2008"
"philippines",3,0.0454144301683851,0.929432851513087,0.0672553835409625,0.581195047497444,"2008"
"philippines",6,0.0215177930421086,0.93654466347425,0.0670298518833869,0.779046816719117,"2008"
"philippines",6,0.0332255630316689,0.925967455212867,0.624594721419059,0.786508853578842,"2008"
"philippines",8,0.0294843417738628,0.930914726455259,0.067923258003275,0.742399337757774,"2008"
"philippines",3,0.148527621174145,0.916924540436547,0.759220467534562,0.77059724689111,"2008"
"philippines",5,0.0479326639830117,0.94019336276466,0.058903926774985,0.694433903401845,"2008"
"philippines",7,0.0275167604724176,0.915259497599924,0.345657531568532,0.884715484521912,"2008"
"philippines",5,0.279752934059189,0.359468347625242,0.280149307585944,0.707659468495709,"2008"
"philippines",6,0.409573828643382,0.263705448419391,0.0513438248656929,0.830879273272613,"2008"
"philippines",6,0.304403244840318,0.182297391837347,0.933104780387726,0.766151725553325,"2008"
"philippines",6,0.345090118135112,0.896608561838892,0.272854393777079,0.48803585599487,"2008"
"philippines",6,0.0310015414440344,0.911261818098237,0.37883515072553,0.830350302321049,"2008"
"philippines",8,0.0359549193432094,0.92956492796427,0.751580762479538,0.623401578349552,"2008"
"philippines",8,0.384487775862119,0.927599016209086,0.0622925030737457,0.833581902373331,"2008"
"philippines",6,0.290827934272543,0.630789769078257,0.245278887197203,0.701832437575221,"2008"
"philippines",5,0.0465432433293062,0.912818543093066,0.745911407486828,0.886311372961162,"2008"
"philippines",7,0.0840643522252115,0.927613547071836,0.553216382556675,0.644309214347144,"2008"
"philippines",8,0.0396905354641414,0.922621961140239,0.248452727376043,0.799116895156118,"2008"
"philippines",5,0.0455744692926816,0.918201590371388,0.291236379010454,0.881937593978518,"2008"
"philippines",5,0.144427046600837,0.887516601541534,0.0521886438396451,0.65998211024793,"2008"
"philippines",6,0.224814833018924,0.917986479071585,0.29018609208568,0.558843054614928,"2008"
"philippines",6,0.190627802234549,0.895867369983074,0.523716156755392,0.721715572767044,"2008"
"philippines",7,0.321228789739939,0.906788306260285,0.526730705952304,0.76333827472105,"2008"
"philippines",6,0.469080966536018,0.91354524580579,0.738882958670405,0.6737981118589,"2008"
"philippines",6,0.152665330083088,0.869733034774671,0.522909468438461,0.67481883037025,"2008"
"philippines",7,0.38962632597732,0.850799073460555,0.0840887135033904,0.574861917905792,"2008"
"philippines",3,0.303133104394492,0.945586910180652,0.0582133630441821,0.690656309769298,"2008"
"philippines",5,0.0850786498454408,0.889887741672999,0.473481423316437,0.734944893241336,"2008"
"philippines",5,0.241367856099748,0.921016867594686,0.56086690452618,0.708113717442809,"2008"
"philippines",3,0.175218526144537,0.707449479395511,0.473084158709869,0.532877085870774,"2008"
"philippines",6,0.0736715503764407,0.838356404821221,0.431588037339882,0.711005182065909,"2008"
"philippines",7,0.0362335706977102,0.930781067560023,0.0609605267583512,0.795009980072468,"2008"
"philippines",6,0.481316895967524,0.921930866229462,0.048139519460857,0.684567021055441,"2008"
"philippines",5,0.0651230073606064,0.79695885436689,0.376170573165099,0.707988134959074,"2008"
"philippines",6,0.143592204197735,0.863499744853428,0.734680511086304,0.589017606382913,"2008"
"philippines",8,0.0215527180040832,0.904948402890301,0.762510439093359,0.951908698092782,"2008"
"philippines",8,0.0406278666838201,0.934470710770537,0.661573008348195,0.856125901026267,"2008"
"philippines",4,0.0312159070196935,0.912158011986705,0.535086885701308,0.841417322486628,"2008"
"philippines",7,0.803471022738822,0.821571093513971,0.0514832334754873,0.533198629767282,"2008"
"philippines",8,0.030435482665004,0.917498104858336,0.932992999943754,0.684976496140319,"2008"
"philippines",7,0.0409819835457296,0.942830688003479,0.0536223790511408,0.689493253415774,"2008"
"philippines",3,0.187662121325463,0.931288837018386,0.0549399016179039,0.642831883749633,"2008"
"philippines",6,0.0382261233941354,0.371756984763563,0.0741474466626763,0.872154679060375,"2008"
"philippines",7,0.27211338891856,0.914767294063369,0.0615035309076108,0.790716335140211,"2008"
"philippines",3,0.178735525029822,0.931110510576337,0.0587494150030972,0.653931288686631,"2008"
"philippines",6,0.0476796100881245,0.89235928421343,0.0595420597984438,0.550146505426165,"2008"
"philippines",7,0.167123735458934,0.143615133380692,0.0460617850109886,0.707464887214789,"2008"
"philippines",5,0.347046739651407,0.892710464050656,0.0400610261270138,0.624838654947697,"2008"
"philippines",7,0.0862559682452401,0.698375582119076,0.0508368082831547,0.727325396190468,"2008"
"philippines",7,0.774191061395779,0.683856390432384,0.0448444624995153,0.726012199967812,"2008"
"philippines",5,0.394337108048519,0.923632064975296,0.290373701174064,0.875277330165419,"2008"
"philippines",6,0.0573356820792539,0.36241747804206,0.278304992184056,0.721143672943104,"2008"
"philippines",4,0.120680810971644,0.907603212065013,0.524907949702526,0.823297051796979,"2008"
"philippines",7,0.0573689681804855,0.876572830000516,0.0596899325100486,0.742173901762355,"2008"
"philippines",5,0.147700897759422,0.790631121876306,0.664320309784383,0.853635849180595,"2008"
"philippines",7,0.0925164595395749,0.899101699489803,0.243634571540658,0.578114121156491,"2008"
"philippines",7,0.0677793713862654,0.916619119306772,0.246623380907106,0.792331569675881,"2008"
"philippines",3,0.389852795986365,0.947733890439996,0.367551670313309,0.66121631772025,"2008"
"philippines",8,0.3904562408846,0.905606975947069,0.209223043738803,0.653777966430101,"2008"
"philippines",8,0.209832854215803,0.939228149974392,0.0500852202273654,0.625943560502809,"2008"
"philippines",4,0.0460907201813911,0.937149601482125,0.97718373794673,0.67507722733765,"2008"
"philippines",5,0.0324265321192915,0.941883556912347,0.0677854349046408,0.77614863447981,"2008"
"philippines",7,0.053977265758216,0.883597605388317,0.328775190726103,0.904201778256988,"2008"
"philippines",4,0.396671542709635,0.897474175496571,0.818823214756118,0.818310295372247,"2008"
"philippines",8,0.188898002199547,0.916617562694399,0.797898289732642,0.679571286759682,"2008"
"philippines",7,0.0231650200867812,0.919215837492119,0.986471004574474,0.855846708278258,"2008"
"philippines",5,0.120673610216455,0.925677519898074,0.469324838983467,0.49648441804923,"2008"
"philippines",4,0.0708850677838777,0.918673768758067,0.0612197576018331,0.57149775054418,"2008"
"philippines",3,0.193172308089672,0.918265360968285,0.0566213925598135,0.687496098498626,"2008"
"philippines",5,0.246904163468964,0.938829117791195,0.0629198215490299,0.857672166875018,"2008"
"philippines",8,0.121181792038123,0.927431242471501,0.0565332500301688,0.68518843051061,"2008"
"philippines",6,0.0357440319290965,0.931115694860882,0.0687394439599509,0.865382157356654,"2008"
"philippines",8,0.0400314150899394,0.932007979780583,0.233008114591715,0.628342914094696,"2008"
"philippines",7,0.141658990772249,0.920767863456761,0.0324862630744774,0.581953664938948,"2008"
"philippines",7,0.267181764009422,0.938753566966095,0.0612362463169214,0.726834755003582,"2008"
"philippines",8,0.0846384320532952,0.870408700886756,0.28622657938159,0.650845025220493,"2008"
"philippines",6,0.045682920357814,0.9368444696836,0.062870829690556,0.65250505031166,"2008"
"philippines",7,0.0451418793850949,0.918289916808093,0.0637448905743276,0.641872671095803,"2008"
"philippines",5,0.149261298205501,0.885250873855308,0.965853730018466,0.460529945977091,"2008"
"philippines",5,0.0446357161948206,0.879162779844638,0.714010131851365,0.644234290364437,"2008"
"philippines",5,0.354820209049599,0.925288340649775,0.0511729661755019,0.677151671119826,"2008"
"philippines",7,0.321930894795599,0.909423538124195,0.287039439279764,0.625033147059347,"2008"
"philippines",4,0.0412599111922703,0.93654186428043,0.282450046237532,0.539799182436698,"2008"
"philippines",4,0.12362496013644,0.899176752358931,0.0629121476893724,0.685265292770869,"2008"
"philippines",5,0.0651486263912535,0.918796410274548,0.0638182871754322,0.828345317390123,"2008"
"philippines",3,0.212332304170152,0.276526091962275,0.970337344108836,0.66373229136265,"2008"
"philippines",6,0.0405822091889773,0.879899219967441,0.511370375760328,0.633388343261726,"2008"
"philippines",3,0.0387508908698434,0.910578783317926,0.0684234669529949,0.659074701101277,"2008"
"philippines",6,0.180319605948271,0.776629215592835,0.275618054168908,0.525722277912266,"2008"
"philippines",7,0.177599922099927,0.876264563067924,0.528817988934172,0.798526171768113,"2008"
"philippines",5,0.117847178130624,0.890623311034291,0.284078820368487,0.670872804455339,"2008"
"philippines",8,0.0919935005692409,0.893692032845249,0.622834617580114,0.816267546537481,"2008"
"philippines",4,0.367138646041637,0.875082283062081,0.516702193203015,0.668622790363623,"2008"
"philippines",3,0.426163364439508,0.337580027887232,0.285221237917447,0.652258738976485,"2008"
"philippines",3,0.102028290767175,0.892229444691917,0.27835173681611,0.732124483788801,"2008"
"philippines",3,0.0274063130284,0.922053844941535,0.304412752981015,0.712564604021457,"2008"
"philippines",3,0.0476223889163708,0.906776111702056,0.0642092612089354,0.6085481882541,"2008"
"philippines",6,0.346094677524101,0.915720623908251,0.843721127093928,0.741100083781804,"2008"
"philippines",8,0.0466224990750919,0.913046088002001,0.0612034257813021,0.756441114135584,"2008"
"philippines",7,0.796012100706834,0.0440546250676096,0.961946645837889,0.228310221979386,"2008"
"philippines",6,0.0757618294691597,0.343331179891506,0.671418203895073,0.901303920449505,"2008"
"philippines",8,0.0435991423398654,0.884594093799625,0.534718009546403,0.800020381103861,"2008"
"philippines",6,0.0514053946666052,0.933572572470583,0.0449085920048769,0.7138100423755,"2008"
"philippines",6,0.0905147118024644,0.884295864999972,0.817498269633657,0.720925490248565,"2008"
"philippines",4,0.199579532209385,0.329814809121887,0.962826353833222,0.60009761634632,"2008"
"philippines",5,0.738385799989682,0.868108248070852,0.73849034948571,0.698277590496992,"2008"
"philippines",4,0.143268414703106,0.864332266820209,0.500374659558201,0.665103307564408,"2008"
"philippines",3,0.0199504382760569,0.917234343594563,0.768403632465567,0.851185788229923,"2008"
"philippines",5,0.0370725822961477,0.866102309311016,0.94932022116927,0.829835031315747,"2008"
"philippines",4,0.93304112597005,0.516657851243053,0.228316305915713,0.650301179415373,"2008"
"philippines",8,0.87458676526546,0.864752213634463,0.513746812180167,0.816627688748092,"2008"
"philippines",6,0.0715666729970847,0.922812521797412,0.0531085519336487,0.643338435846912,"2008"
"philippines",3,0.913782531881912,0.845096137465809,0.216686156980765,0.287859701585133,"2008"
"philippines",5,0.262629257148733,0.880240422563867,0.0583772580573317,0.686902337029856,"2008"
"philippines",4,0.0491731118521059,0.884758553369852,0.527393634783864,0.193680336326549,"2008"
"philippines",7,0.325871418859742,0.869484052672288,0.515749578888077,0.667579636327049,"2008"
"philippines",7,0.0592041340599977,0.942953928996377,0.055510060405154,0.5993673042927,"2008"
"philippines",8,0.128789515166952,0.898283652524569,0.0644510103997247,0.865726009671036,"2008"
"philippines",4,0.0385825877160647,0.944053294565316,0.0595642608960443,0.637423379227603,"2008"
"philippines",6,0.107407262819081,0.94440009575641,0.0518415361732366,0.496444304790231,"2008"
"philippines",7,0.1032988483682,0.911539106248479,0.0553393971162818,0.5006644530743,"2008"
"philippines",7,0.0955448988381248,0.922966166495464,0.0564911248851101,0.638429108270879,"2008"
"philippines",8,0.140055693087391,0.921332588485685,0.055606653335153,0.463987467563684,"2008"
"philippines",6,0.213463664908818,0.897124499491696,0.26966394592148,0.66576336573266,"2008"
"philippines",8,0.34208526520173,0.122294368967228,0.451202507299231,0.457068540700586,"2008"
"philippines",7,0.126897951768564,0.920016651626261,0.269212892333024,0.619202268848786,"2008"
"philippines",5,0.247208008252615,0.889857887349315,0.508289993898227,0.653444483275431,"2008"
"philippines",6,0.0472650305443699,0.939041233247481,0.513560481189346,0.623620665832222,"2008"
"philippines",6,0.0815041601081399,0.923596861898383,0.473201021135356,0.539465030582954,"2008"
"philippines",8,0.0938822227131073,0.911094961223147,0.429550240479772,0.673213185099051,"2008"
"philippines",8,0.0726535190662979,0.923437410438248,0.40634980176041,0.706286366686894,"2008"
"philippines",7,0.260273721029419,0.926623517195358,0.274775646759134,0.630883689086081,"2008"
"philippines",8,0.0935290817678353,0.902230922094283,0.749963625632305,0.768299262088856,"2008"
"philippines",8,0.027899437034689,0.916884967890538,0.482619912832605,0.895478772886706,"2008"
"philippines",8,0.15946644754226,0.941364112552404,0.288613521046907,0.746323918756747,"2008"
"philippines",8,0.0250693317593672,0.928011288561196,0.29598450086832,0.897233645026508,"2008"
"philippines",7,0.180059089049856,0.918018871886388,0.257979189519197,0.45461051706716,"2008"
"philippines",6,0.205004465468393,0.865697336404757,0.284976503340776,0.706466868739503,"2008"
"philippines",8,0.125424575189331,0.917761208044818,0.273214815585623,0.625247689797399,"2008"
"philippines",7,0.144860940567916,0.927229020610221,0.267215972900637,0.47464428949219,"2008"
"philippines",7,0.170803951083425,0.904864098815195,0.0688448359939653,0.662105266722951,"2008"
"philippines",5,0.0329704337390255,0.917820115247409,0.809300294296921,0.705988665073135,"2008"
"philippines",4,0.139869383024827,0.917060916094084,0.0503257372866172,0.396042702253063,"2008"
"philippines",5,0.130712676900803,0.883365792612806,0.0625266059959936,0.545927734852544,"2008"
"philippines",3,0.246181791652604,0.876759579886872,0.0606804361764782,0.564587941584619,"2008"
"philippines",7,0.128008899726583,0.914740538863773,0.274067496114747,0.49449892326741,"2008"
"philippines",4,0.220692250798158,0.288372904438746,0.509244453906039,0.49250228166849,"2008"
"philippines",6,0.514514276452142,0.327919816047351,0.130330713996877,0.520358924086894,"2008"
"philippines",8,0.194577526666111,0.537403052110315,0.420710019324403,0.479300819965376,"2008"
"philippines",7,0.412098967383667,0.154631817314447,0.335081145179078,0.559465055456998,"2008"
"philippines",6,0.193916620264786,0.927884079806533,0.0460931679136889,0.461743787351323,"2008"
"philippines",3,0.0887348095808134,0.911672926832048,0.0691147737198791,0.945265017942687,"2008"
"philippines",3,0.0983264018870814,0.893931931271764,0.0680408107920747,0.827148598660819,"2008"
"philippines",3,0.067376112480209,0.918044110506084,0.296755442238585,0.644964595213143,"2008"
"philippines",5,0.0955349392058776,0.904072453402491,0.0642645086421762,0.78661095138918,"2008"
"philippines",6,0.14038557042943,0.827586439602109,0.0875169717766767,0.620350532614838,"2008"
"philippines",6,0.132224508958111,0.917309386431078,0.275173739480361,0.505347856272359,"2008"
"philippines",6,0.080672545094109,0.899347868144693,0.278611062383394,0.618217978464354,"2008"
"philippines",3,0.14951119578722,0.881347915418951,0.285401755851001,0.734121180221793,"2008"
"philippines",6,0.335088129060324,0.890671241057336,0.727841253259153,0.462346842494087,"2008"
"philippines",7,0.207217398550312,0.910881651397506,0.0630381603602096,0.776761823347479,"2008"
"philippines",4,0.0537603542348384,0.91904829146772,0.299808339665974,0.893038677958949,"2008"
"philippines",8,0.266825951671725,0.898260662770232,0.0466325232412687,0.638939900917798,"2008"
"philippines",6,0.0724754376997372,0.954371471605486,0.096051922473491,0.673583897324955,"2008"
"philippines",4,0.421297758580887,0.776965527726342,0.48738750491536,0.429313011031115,"2008"
"philippines",4,0.131394222500518,0.737271928981673,0.187147989126305,0.557912770251016,"2008"
"philippines",6,0.105474231892228,0.602642099227494,0.336698562604014,0.542729500614749,"2008"
"philippines",5,0.226108158981894,0.362366509606002,0.247205119474253,0.702627273021158,"2008"
"philippines",4,0.0923453182042084,0.903235747956396,0.275794705594653,0.594194686227249,"2008"
"philippines",5,0.124869249497719,0.70599007987808,0.233196689959798,0.858496626779845,"2008"
"philippines",4,0.1544891747816,0.232039855066672,0.74851771450836,0.894488359591161,"2008"
"philippines",7,0.0399026029744783,0.914773575024084,0.806255002131639,0.649761186205399,"2008"
"philippines",8,0.0634769371433669,0.895715376414713,0.29941549312848,0.770245761189933,"2008"
"philippines",6,0.253531949480764,0.870625600691082,0.786630609975381,0.708781707275746,"2008"
"philippines",4,0.0429125244176035,0.92466402960049,0.23760988166122,0.650284453451295,"2008"
"philippines",3,0.0400031948327005,0.926885756507617,0.293935668759324,0.737703551695427,"2008"
"philippines",3,0.279046939091979,0.900535443696786,0.564137815504109,0.757857798224776,"2008"
"philippines",8,0.0460842381348253,0.895327052892064,0.845745310639636,0.842054474395604,"2008"
"philippines",4,0.410715673692783,0.916565260997421,0.969232210066603,0.628346353359294,"2008"
"philippines",5,0.110061375778119,0.81081425669298,0.232786377547254,0.830156249665603,"2008"
"philippines",5,0.110474906872841,0.913607636799218,0.285586618897191,0.68922717683925,"2008"
"philippines",3,0.295167210150925,0.905221225165615,0.555341898121576,0.889693302891735,"2008"
"philippines",4,0.273703628746634,0.674159163931128,0.230167144428942,0.792768251715329,"2008"
"philippines",3,0.325553335231735,0.885399709437686,0.510779196107233,0.737560930330216,"2008"
"philippines",3,0.404889412177795,0.334078239210907,0.723022713821496,0.728578010751548,"2008"
"philippines",6,0.132751653336331,0.884158847250375,0.620298856948533,0.426934178109232,"2008"
"philippines",4,0.0620455347617945,0.910649668791017,0.62160534517422,0.907626114795765,"2008"
"philippines",7,0.247291857142435,0.884251120709007,0.142183510436787,0.814638139633318,"2008"
"philippines",3,0.0273957382916499,0.942784012457094,0.19089645908209,0.799248741217046,"2008"
"philippines",3,0.071298729881778,0.763498358746249,0.0582007592691623,0.755057895368698,"2008"
"philippines",8,0.0578846100245444,0.913902002080366,0.0695834262871704,0.86454725150286,"2008"
"philippines",3,0.0920512641271272,0.913943604331541,0.0632831790902571,0.774008785138193,"2008"
"philippines",6,0.0694166535074606,0.693797259988427,0.06944849639553,0.889012936691667,"2008"
"philippines",6,0.267244451031199,0.82723442502972,0.922103716767729,0.764958636490481,"2008"
"philippines",7,0.0977718209461017,0.85961715331932,0.651454163586925,0.755482738047528,"2008"
"philippines",4,0.741048749458669,0.909054694502262,0.219550895915941,0.861009322743128,"2008"
"philippines",5,0.533675240230816,0.8288548837308,0.367072812373942,0.850569469749587,"2008"
"philippines",3,0.156861344151849,0.8634731224912,0.738167883381066,0.699553507296812,"2008"
"philippines",3,0.142850939233561,0.43409818271418,0.140840195870659,0.527289555511325,"2008"
"philippines",3,0.0256910393534234,0.920635781344667,0.760031434745527,0.876209548080575,"2008"
"philippines",5,0.197557020239813,0.929695413071246,0.698541449255339,0.626926163115619,"2008"
"philippines",7,0.434348486400269,0.643425365680364,0.911856248196642,0.611476107938237,"2008"
"philippines",6,0.181613507888035,0.903287245361574,0.50981867197153,0.754712333462422,"2008"
"philippines",4,0.0479726053801704,0.945180156365704,0.556194691624754,0.685514412160353,"2008"
"philippines",4,0.0509442945347903,0.915773934207648,0.0711777096452379,0.927185848139513,"2008"
"philippines",8,0.0575911895027561,0.924921808266484,0.194804068579026,0.799019990123638,"2008"
"philippines",7,0.0418923947811764,0.926956327342628,0.75698943462014,0.926138400321718,"2008"
"philippines",6,0.100863637842152,0.901935229597169,0.566189824030038,0.888439652047784,"2008"
"philippines",6,0.0486152264482722,0.90699379619506,0.288345397734551,0.589301415504537,"2008"
"philippines",6,0.130523363812932,0.885515542705551,0.0638480698417278,0.849953735567795,"2008"
"philippines",7,0.273577414963116,0.891135532197915,0.0567983661467942,0.858397060758486,"2008"
"philippines",6,0.0359861946542171,0.919859540378124,0.427215553694331,0.932846839460908,"2008"
"philippines",8,0.0655644408330696,0.907680871606605,0.982329822881725,0.779166784253457,"2008"
"philippines",7,0.280426582087193,0.908250669206604,0.170261171843736,0.775835499611528,"2008"
"philippines",3,0.050534252735364,0.904029480589842,0.24498859395276,0.660738077334497,"2008"
"philippines",3,0.131201161630789,0.890003971989802,0.0536171963826147,0.903087334867217,"2008"
"philippines",6,0.068106240034607,0.780720024917345,0.5240157269793,0.698669318823907,"2008"
"philippines",6,0.273831905655945,0.893627546802965,0.270658692844818,0.723225229044765,"2008"
"philippines",5,0.17577182263271,0.908904403636771,0.0652637780925072,0.87619317597433,"2008"
"philippines",8,0.0659924524960443,0.893066764452099,0.197784720603511,0.682603676400589,"2008"
"philippines",5,0.103941393087517,0.902626737505316,0.6754586009081,0.965882827443749,"2008"
"philippines",3,0.241409043835,0.897811482402921,0.67549326907648,0.904745559079887,"2008"
"philippines",3,0.0849045197727702,0.896861916136717,0.133630081448661,0.656690895213774,"2008"
"philippines",3,0.372690179131629,0.893276737470206,0.52427174331027,0.834947644922483,"2008"
"philippines",4,0.177901391469706,0.891136661012478,0.2600645514107,0.920201376575275,"2008"
"philippines",6,0.0423723697376132,0.901706826910189,0.343581090058582,0.872084273805991,"2008"
"philippines",6,0.0418230962974958,0.918085784345538,0.148086023527817,0.607006869584637,"2008"
"philippines",3,0.383171815334722,0.846569657905768,0.106615440121236,0.932988431542314,"2008"
"philippines",3,0.143447431024909,0.884756547186793,0.287869851506592,0.852702737387093,"2008"
"philippines",3,0.10609014677079,0.894295930267775,0.742669110697472,0.88485743030899,"2008"
"philippines",8,0.0734483460727651,0.891938342095144,0.250639447213769,0.877286273064214,"2008"
"philippines",6,0.298985091375854,0.893498932633002,0.286323161327581,0.760174642355555,"2008"
"philippines",5,0.0737136722125089,0.690442426690572,0.291352583195558,0.901095362695637,"2008"
"philippines",5,0.142075331678847,0.839367663969423,0.337415699035472,0.786267199721676,"2008"
"philippines",3,0.161064130083247,0.831459654009647,0.527079511751173,0.877731435102821,"2008"
"philippines",3,0.131423407844821,0.90577050755166,0.339110413839786,0.912387290278962,"2008"
"philippines",5,0.0602949820847404,0.910450736032122,0.292571438143748,0.902165320176718,"2008"
"philippines",5,0.239852443289759,0.874805121275463,0.486793821340393,0.859061954248388,"2008"
"philippines",8,0.111890710122816,0.861646372697899,0.517271928376921,0.931981496366301,"2008"
"philippines",6,0.223615300495318,0.873520527457915,0.678104118101357,0.879448433878529,"2008"
"philippines",3,0.753460486912668,0.861879012434916,0.0451683804798696,0.617720550046636,"2008"
"philippines",5,0.287859200823968,0.916964366052841,0.666311882873762,0.684472086336497,"2008"
"philippines",3,0.0882717317186709,0.894766965400721,0.0540181030166056,0.649415215207114,"2008"
"philippines",7,0.113672274169387,0.879849791963333,0.105951486773386,0.507113793195555,"2008"
"philippines",3,0.380579991116133,0.879711597498258,0.334452962416936,0.917190990001633,"2008"
"philippines",3,0.121546162832085,0.889771229697141,0.299563665775156,0.80325764509363,"2008"
"philippines",4,0.244598057994994,0.921609295377661,0.611996133493471,0.779972555623651,"2008"
"philippines",3,0.0834320280830227,0.915899588377115,0.463225521936624,0.540237083981236,"2008"
"philippines",6,0.0925000316901491,0.892092913412229,0.483532632661114,0.797939115437955,"2008"
"philippines",3,0.116179252336352,0.862964685167704,0.258728361510491,0.953068086934062,"2008"
"philippines",4,0.144597267506346,0.891550182320528,0.293646572320726,0.946949750838272,"2008"
